Year,State,Crop, Total Volume Harvested (MT) , Harvesting & Field Drying Loss (MT) , Threshing & Cleaning Loss (MT) , Transportation Loss (MT) , Storage Loss (MT) , Total Volume Lost (MT) , Average Local Market Price (NGN/MT) , Caloric Count (kcal/kg) 
2010,Abia,Rice," 42,533.19 "," 1,701.33 "," 1,276.00 ", 850.66 ," 2,551.99 "," 6,379.98 "," 130,312.00 "," 3,650.00 "
2010,Adamawa,Rice," 115,193.26 "," 4,607.73 "," 3,455.80 "," 2,303.87 "," 6,911.60 "," 17,279.00 "," 123,201.00 "," 3,650.00 "
2010,Akwa Ibom,Rice," 89,237.00 "," 3,569.48 "," 2,677.11 "," 1,784.74 "," 5,354.22 "," 13,385.55 "," 127,288.00 "," 3,650.00 "
2010,Anambra,Rice," 68,162.69 "," 2,726.51 "," 2,044.88 "," 1,363.25 "," 4,089.76 "," 10,224.40 "," 129,421.00 "," 3,650.00 "
2010,Bauchi,Rice," 18,411.08 ", 736.44 , 552.33 , 368.22 ," 1,104.66 "," 2,761.65 "," 127,378.00 "," 3,650.00 "
2010,Bayelsa,Rice," 19,062.37 ", 762.49 , 571.87 , 381.25 ," 1,143.74 "," 2,859.35 "," 115,632.00 "," 3,650.00 "
2010,Benue,Rice," 345,440.02 "," 13,817.60 "," 10,363.20 "," 6,908.80 "," 20,726.40 "," 51,816.00 "," 113,470.00 "," 3,650.00 "
2010,Borno,Rice," 101,070.99 "," 4,042.84 "," 3,032.13 "," 2,021.42 "," 6,064.26 "," 15,160.65 "," 127,632.00 "," 3,650.00 "
2010,Cross River,Rice," 73,205.80 "," 2,928.23 "," 2,196.17 "," 1,464.12 "," 4,392.35 "," 10,980.87 "," 108,166.00 "," 3,650.00 "
2010,Delta,Rice," 83,318.57 "," 3,332.74 "," 2,499.56 "," 1,666.37 "," 4,999.11 "," 12,497.78 "," 118,017.00 "," 3,650.00 "
2010,Ebonyi,Rice," 345,182.67 "," 13,807.31 "," 10,355.48 "," 6,903.65 "," 20,710.96 "," 51,777.40 "," 110,876.00 "," 3,650.00 "
2010,Edo,Rice," 112,155.03 "," 4,486.20 "," 3,364.65 "," 2,243.10 "," 6,729.30 "," 16,823.25 "," 130,629.00 "," 3,650.00 "
2010,Ekiti,Rice," 96,118.06 "," 3,844.72 "," 2,883.54 "," 1,922.36 "," 5,767.08 "," 14,417.70 "," 120,450.00 "," 3,650.00 "
2010,Enugu,Rice," 25,465.74 "," 1,018.63 ", 763.97 , 509.31 ," 1,527.94 "," 3,819.85 "," 116,727.00 "," 3,650.00 "
2010,FCT,Rice," 22,380.60 ", 895.22 , 671.42 , 447.61 ," 1,342.84 "," 3,357.09 "," 131,098.00 "," 3,650.00 "
2010,Gombe,Rice," 21,022.85 ", 840.91 , 630.69 , 420.46 ," 1,261.37 "," 3,153.43 "," 119,933.00 "," 3,650.00 "
2010,Imo,Rice," 35,049.52 "," 1,401.98 "," 1,051.49 ", 700.99 ," 2,102.97 "," 5,257.43 "," 114,836.00 "," 3,650.00 "
2010,Jigawa,Rice," 395,123.90 "," 15,804.96 "," 11,853.72 "," 7,902.48 "," 23,707.43 "," 59,268.59 "," 122,629.00 "," 3,650.00 "
2010,Kaduna,Rice," 50,785.81 "," 2,031.43 "," 1,523.57 "," 1,015.72 "," 3,047.15 "," 7,617.87 "," 109,235.00 "," 3,650.00 "
2010,Kano,Rice," 378,298.33 "," 15,131.93 "," 11,348.95 "," 7,565.97 "," 22,697.90 "," 56,744.75 "," 129,798.00 "," 3,650.00 "
2010,Katsina,Rice," 70,046.11 "," 2,801.84 "," 2,101.38 "," 1,400.92 "," 4,202.77 "," 10,506.91 "," 111,477.00 "," 3,650.00 "
2010,Kebbi,Rice," 368,636.97 "," 14,745.48 "," 11,059.11 "," 7,372.74 "," 22,118.22 "," 55,295.55 "," 131,655.00 "," 3,650.00 "
2010,Kogi,Rice," 33,453.85 "," 1,338.15 "," 1,003.62 ", 669.08 ," 2,007.23 "," 5,018.08 "," 124,131.00 "," 3,650.00 "
2010,Kwara,Rice," 44,189.97 "," 1,767.60 "," 1,325.70 ", 883.80 ," 2,651.40 "," 6,628.50 "," 113,703.00 "," 3,650.00 "
2010,Lagos,Rice," 54,831.35 "," 2,193.25 "," 1,644.94 "," 1,096.63 "," 3,289.88 "," 8,224.70 "," 116,826.00 "," 3,650.00 "
2010,Nasarawa,Rice," 93,513.18 "," 3,740.53 "," 2,805.40 "," 1,870.26 "," 5,610.79 "," 14,026.98 "," 123,204.00 "," 3,650.00 "
2010,Niger,Rice," 377,445.42 "," 15,097.82 "," 11,323.36 "," 7,548.91 "," 22,646.73 "," 56,616.82 "," 110,166.00 "," 3,650.00 "
2010,Ogun,Rice," 62,471.50 "," 2,498.86 "," 1,874.14 "," 1,249.43 "," 3,748.29 "," 9,370.72 "," 115,698.00 "," 3,650.00 "
2010,Ondo,Rice," 67,451.41 "," 2,698.06 "," 2,023.54 "," 1,349.03 "," 4,047.08 "," 10,117.71 "," 108,978.00 "," 3,650.00 "
2010,Osun,Rice," 5,509.56 ", 220.38 , 165.29 , 110.19 , 330.57 , 826.43 ," 124,261.00 "," 3,650.00 "
2010,Oyo,Rice," 67,960.59 "," 2,718.42 "," 2,038.82 "," 1,359.21 "," 4,077.64 "," 10,194.09 "," 120,290.00 "," 3,650.00 "
2010,Plateau,Rice," 19,495.74 ", 779.83 , 584.87 , 389.91 ," 1,169.74 "," 2,924.35 "," 123,484.00 "," 3,650.00 "
2010,Rivers,Rice," 7,397.38 ", 295.90 , 221.92 , 147.95 , 443.84 ," 1,109.61 "," 124,582.00 "," 3,650.00 "
2010,Sokoto,Rice," 110,271.76 "," 4,410.87 "," 3,308.15 "," 2,205.44 "," 6,616.31 "," 16,540.77 "," 130,481.00 "," 3,650.00 "
2010,Taraba,Rice," 449,236.78 "," 17,969.47 "," 13,477.10 "," 8,984.74 "," 26,954.21 "," 67,385.52 "," 116,185.00 "," 3,650.00 "
2010,Yobe,Rice," 91,348.78 "," 3,653.95 "," 2,740.46 "," 1,826.98 "," 5,480.93 "," 13,702.32 "," 130,192.00 "," 3,650.00 "
2010,Zamfara,Rice," 37,156.36 "," 1,486.25 "," 1,114.69 ", 743.13 ," 2,229.38 "," 5,573.45 "," 114,190.00 "," 3,650.00 "
2010,Abia,Maize," 19,802.01 ", 990.10 , 792.08 , 594.06 ," 1,980.20 "," 4,356.44 "," 63,806.00 "," 3,650.00 "
2010,Adamawa,Maize," 137,290.50 "," 6,864.52 "," 5,491.62 "," 4,118.72 "," 13,729.05 "," 30,203.91 "," 60,355.00 "," 3,650.00 "
2010,Akwa Ibom,Maize," 85,563.87 "," 4,278.19 "," 3,422.55 "," 2,566.92 "," 8,556.39 "," 18,824.05 "," 55,117.00 "," 3,650.00 "
2010,Anambra,Maize," 25,319.71 "," 1,265.99 "," 1,012.79 ", 759.59 ," 2,531.97 "," 5,570.34 "," 64,805.00 "," 3,650.00 "
2010,Bauchi,Maize," 706,736.07 "," 35,336.80 "," 28,269.44 "," 21,202.08 "," 70,673.61 "," 155,481.93 "," 58,068.00 "," 3,650.00 "
2010,Bayelsa,Maize," 6,758.66 ", 337.93 , 270.35 , 202.76 , 675.87 ," 1,486.91 "," 62,711.00 "," 3,650.00 "
2010,Benue,Maize," 188,658.03 "," 9,432.90 "," 7,546.32 "," 5,659.74 "," 18,865.80 "," 41,504.76 "," 64,645.00 "," 3,650.00 "
2010,Borno,Maize," 53,084.07 "," 2,654.20 "," 2,123.36 "," 1,592.52 "," 5,308.41 "," 11,678.49 "," 61,704.00 "," 3,650.00 "
2010,Cross River,Maize," 126,706.63 "," 6,335.33 "," 5,068.27 "," 3,801.20 "," 12,670.66 "," 27,875.46 "," 55,939.00 "," 3,650.00 "
2010,Delta,Maize," 64,680.13 "," 3,234.01 "," 2,587.21 "," 1,940.40 "," 6,468.01 "," 14,229.63 "," 61,277.00 "," 3,650.00 "
2010,Ebonyi,Maize," 98,684.67 "," 4,934.23 "," 3,947.39 "," 2,960.54 "," 9,868.47 "," 21,710.63 "," 55,217.00 "," 3,650.00 "
2010,Edo,Maize," 110,878.24 "," 5,543.91 "," 4,435.13 "," 3,326.35 "," 11,087.82 "," 24,393.21 "," 54,060.00 "," 3,650.00 "
2010,Ekiti,Maize," 35,636.01 "," 1,781.80 "," 1,425.44 "," 1,069.08 "," 3,563.60 "," 7,839.92 "," 60,584.00 "," 3,650.00 "
2010,Enugu,Maize," 197,190.67 "," 9,859.53 "," 7,887.63 "," 5,915.72 "," 19,719.07 "," 43,381.95 "," 61,823.00 "," 3,650.00 "
2010,FCT,Maize," 150,410.73 "," 7,520.54 "," 6,016.43 "," 4,512.32 "," 15,041.07 "," 33,090.36 "," 62,546.00 "," 3,650.00 "
2010,Gombe,Maize," 765,460.83 "," 38,273.04 "," 30,618.43 "," 22,963.82 "," 76,546.08 "," 168,401.37 "," 57,904.00 "," 3,650.00 "
2010,Imo,Maize," 182,961.68 "," 9,148.08 "," 7,318.47 "," 5,488.85 "," 18,296.17 "," 40,251.57 "," 61,795.00 "," 3,650.00 "
2010,Jigawa,Maize," 123,475.84 "," 6,173.79 "," 4,939.03 "," 3,704.28 "," 12,347.58 "," 27,164.68 "," 61,891.00 "," 3,650.00 "
2010,Kaduna,Maize," 787,944.96 "," 39,397.25 "," 31,517.80 "," 23,638.35 "," 78,794.50 "," 173,347.90 "," 55,124.00 "," 3,650.00 "
2010,Kano,Maize," 608,147.44 "," 30,407.37 "," 24,325.90 "," 18,244.42 "," 60,814.74 "," 133,792.43 "," 57,182.00 "," 3,650.00 "
2010,Katsina,Maize," 621,422.48 "," 31,071.12 "," 24,856.90 "," 18,642.67 "," 62,142.25 "," 136,712.94 "," 65,676.00 "," 3,650.00 "
2010,Kebbi,Maize," 8,928.50 ", 446.42 , 357.14 , 267.86 , 892.85 ," 1,964.27 "," 64,704.00 "," 3,650.00 "
2010,Kogi,Maize," 65,770.10 "," 3,288.51 "," 2,630.80 "," 1,973.10 "," 6,577.01 "," 14,469.42 "," 63,537.00 "," 3,650.00 "
2010,Kwara,Maize," 77,579.93 "," 3,879.00 "," 3,103.20 "," 2,327.40 "," 7,757.99 "," 17,067.59 "," 60,922.00 "," 3,650.00 "
2010,Lagos,Maize," 54,106.43 "," 2,705.32 "," 2,164.26 "," 1,623.19 "," 5,410.64 "," 11,903.41 "," 56,342.00 "," 3,650.00 "
2010,Nasarawa,Maize," 169,051.01 "," 8,452.55 "," 6,762.04 "," 5,071.53 "," 16,905.10 "," 37,191.22 "," 57,369.00 "," 3,650.00 "
2010,Niger,Maize," 67,802.78 "," 3,390.14 "," 2,712.11 "," 2,034.08 "," 6,780.28 "," 14,916.61 "," 61,745.00 "," 3,650.00 "
2010,Ogun,Maize," 54,249.60 "," 2,712.48 "," 2,169.98 "," 1,627.49 "," 5,424.96 "," 11,934.91 "," 65,285.00 "," 3,650.00 "
2010,Ondo,Maize," 113,209.25 "," 5,660.46 "," 4,528.37 "," 3,396.28 "," 11,320.92 "," 24,906.03 "," 64,978.00 "," 3,650.00 "
2010,Osun,Maize," 27,755.91 "," 1,387.80 "," 1,110.24 ", 832.68 ," 2,775.59 "," 6,106.31 "," 54,185.00 "," 3,650.00 "
2010,Oyo,Maize," 791,215.17 "," 39,560.76 "," 31,648.61 "," 23,736.46 "," 79,121.52 "," 174,067.35 "," 59,138.00 "," 3,650.00 "
2010,Plateau,Maize," 642,148.18 "," 32,107.41 "," 25,685.93 "," 19,264.45 "," 64,214.82 "," 141,272.61 "," 65,563.00 "," 3,650.00 "
2010,Rivers,Maize," 203,882.39 "," 10,194.12 "," 8,155.30 "," 6,116.47 "," 20,388.24 "," 44,854.13 "," 57,533.00 "," 3,650.00 "
2010,Sokoto,Maize," 152,328.67 "," 7,616.43 "," 6,093.15 "," 4,569.86 "," 15,232.87 "," 33,512.31 "," 64,213.00 "," 3,650.00 "
2010,Taraba,Maize," 38,927.20 "," 1,946.36 "," 1,557.09 "," 1,167.82 "," 3,892.72 "," 8,563.99 "," 56,033.00 "," 3,650.00 "
2010,Yobe,Maize," 1,108.18 ", 55.41 , 44.33 , 33.25 , 110.82 , 243.81 ," 65,233.00 "," 3,650.00 "
2010,Zamfara,Maize," 165,912.93 "," 8,295.65 "," 6,636.52 "," 4,977.39 "," 16,591.29 "," 36,500.85 "," 60,840.00 "," 3,650.00 "
2010,Abia,Sorghum," 132,361.03 "," 5,294.44 "," 3,970.83 "," 2,647.22 "," 10,588.88 "," 22,501.37 "," 56,265.00 "," 3,390.00 "
2010,Adamawa,Sorghum," 149,208.78 "," 5,968.35 "," 4,476.26 "," 2,984.18 "," 11,936.70 "," 25,365.49 "," 51,040.00 "," 3,390.00 "
2010,Akwa Ibom,Sorghum," 7,538.01 ", 301.52 , 226.14 , 150.76 , 603.04 ," 1,281.46 "," 59,151.00 "," 3,390.00 "
2010,Anambra,Sorghum," 14,794.87 ", 591.79 , 443.85 , 295.90 ," 1,183.59 "," 2,515.13 "," 57,167.00 "," 3,390.00 "
2010,Bauchi,Sorghum," 668,546.65 "," 26,741.87 "," 20,056.40 "," 13,370.93 "," 53,483.73 "," 113,652.93 "," 53,454.00 "," 3,390.00 "
2010,Bayelsa,Sorghum," 1,107.04 ", 44.28 , 33.21 , 22.14 , 88.56 , 188.19 ," 58,402.00 "," 3,390.00 "
2010,Benue,Sorghum," 777,113.85 "," 31,084.55 "," 23,313.42 "," 15,542.28 "," 62,169.11 "," 132,109.36 "," 59,037.00 "," 3,390.00 "
2010,Borno,Sorghum," 736,164.45 "," 29,446.58 "," 22,084.93 "," 14,723.29 "," 58,893.16 "," 125,147.96 "," 55,124.00 "," 3,390.00 "
2010,Cross River,Sorghum," 64,572.10 "," 2,582.88 "," 1,937.16 "," 1,291.44 "," 5,165.77 "," 10,977.25 "," 58,281.00 "," 3,390.00 "
2010,Delta,Sorghum, 629.35 , 25.17 , 18.88 , 12.59 , 50.35 , 106.99 ," 57,221.00 "," 3,390.00 "
2010,Ebonyi,Sorghum," 62,471.27 "," 2,498.85 "," 1,874.14 "," 1,249.43 "," 4,997.70 "," 10,620.12 "," 59,290.00 "," 3,390.00 "
2010,Edo,Sorghum," 62,419.42 "," 2,496.78 "," 1,872.58 "," 1,248.39 "," 4,993.55 "," 10,611.30 "," 53,631.00 "," 3,390.00 "
2010,Ekiti,Sorghum," 136,575.33 "," 5,463.01 "," 4,097.26 "," 2,731.51 "," 10,926.03 "," 23,217.81 "," 55,861.00 "," 3,390.00 "
2010,Enugu,Sorghum," 118,622.70 "," 4,744.91 "," 3,558.68 "," 2,372.45 "," 9,489.82 "," 20,165.86 "," 54,621.00 "," 3,390.00 "
2010,FCT,Sorghum," 173,844.41 "," 6,953.78 "," 5,215.33 "," 3,476.89 "," 13,907.55 "," 29,553.55 "," 52,651.00 "," 3,390.00 "
2010,Gombe,Sorghum," 92,971.88 "," 3,718.88 "," 2,789.16 "," 1,859.44 "," 7,437.75 "," 15,805.23 "," 49,835.00 "," 3,390.00 "
2010,Imo,Sorghum," 22,254.75 ", 890.19 , 667.64 , 445.10 ," 1,780.38 "," 3,783.31 "," 58,548.00 "," 3,390.00 "
2010,Jigawa,Sorghum," 137,217.27 "," 5,488.69 "," 4,116.52 "," 2,744.35 "," 10,977.38 "," 23,326.94 "," 50,897.00 "," 3,390.00 "
2010,Kaduna,Sorghum," 735,407.95 "," 29,416.32 "," 22,062.24 "," 14,708.16 "," 58,832.64 "," 125,019.36 "," 57,969.00 "," 3,390.00 "
2010,Kano,Sorghum," 675,103.18 "," 27,004.13 "," 20,253.10 "," 13,502.06 "," 54,008.25 "," 114,767.54 "," 56,351.00 "," 3,390.00 "
2010,Katsina,Sorghum," 144,187.84 "," 5,767.51 "," 4,325.64 "," 2,883.76 "," 11,535.03 "," 24,511.94 "," 50,068.00 "," 3,390.00 "
2010,Kebbi,Sorghum," 96,647.73 "," 3,865.91 "," 2,899.43 "," 1,932.95 "," 7,731.82 "," 16,430.11 "," 55,446.00 "," 3,390.00 "
2010,Kogi,Sorghum," 103,393.33 "," 4,135.73 "," 3,101.80 "," 2,067.87 "," 8,271.47 "," 17,576.87 "," 57,487.00 "," 3,390.00 "
2010,Kwara,Sorghum," 87,388.04 "," 3,495.52 "," 2,621.64 "," 1,747.76 "," 6,991.04 "," 14,855.96 "," 55,179.00 "," 3,390.00 "
2010,Lagos,Sorghum, 243.59 , 9.74 , 7.31 , 4.87 , 19.49 , 41.41 ," 58,247.00 "," 3,390.00 "
2010,Nasarawa,Sorghum," 20,568.54 ", 822.74 , 617.06 , 411.37 ," 1,645.48 "," 3,496.65 "," 54,328.00 "," 3,390.00 "
2010,Niger,Sorghum," 5,873.72 ", 234.95 , 176.21 , 117.47 , 469.90 , 998.53 ," 49,778.00 "," 3,390.00 "
2010,Ogun,Sorghum," 129,916.34 "," 5,196.65 "," 3,897.49 "," 2,598.33 "," 10,393.31 "," 22,085.78 "," 58,695.00 "," 3,390.00 "
2010,Ondo,Sorghum," 62,536.75 "," 2,501.47 "," 1,876.10 "," 1,250.74 "," 5,002.94 "," 10,631.25 "," 53,998.00 "," 3,390.00 "
2010,Osun,Sorghum," 95,986.60 "," 3,839.46 "," 2,879.60 "," 1,919.73 "," 7,678.93 "," 16,317.72 "," 51,220.00 "," 3,390.00 "
2010,Oyo,Sorghum," 172,654.84 "," 6,906.19 "," 5,179.65 "," 3,453.10 "," 13,812.39 "," 29,351.33 "," 55,541.00 "," 3,390.00 "
2010,Plateau,Sorghum," 49,683.80 "," 1,987.35 "," 1,490.51 ", 993.68 ," 3,974.70 "," 8,446.24 "," 56,762.00 "," 3,390.00 "
2010,Rivers,Sorghum," 3,915.44 ", 156.62 , 117.46 , 78.31 , 313.24 , 665.63 ," 60,003.00 "," 3,390.00 "
2010,Sokoto,Sorghum," 750,186.60 "," 30,007.46 "," 22,505.60 "," 15,003.73 "," 60,014.93 "," 127,531.72 "," 55,597.00 "," 3,390.00 "
2010,Taraba,Sorghum," 45,140.10 "," 1,805.60 "," 1,354.20 ", 902.80 ," 3,611.21 "," 7,673.81 "," 54,115.00 "," 3,390.00 "
2010,Yobe,Sorghum," 14,640.83 ", 585.63 , 439.22 , 292.82 ," 1,171.27 "," 2,488.94 "," 53,415.00 "," 3,390.00 "
2010,Zamfara,Sorghum," 658,421.70 "," 26,336.87 "," 19,752.65 "," 13,168.43 "," 52,673.74 "," 111,931.69 "," 49,658.00 "," 3,390.00 "
2011,Abia,Rice," 43,660.33 "," 1,746.41 "," 1,309.81 ", 873.21 ," 2,619.62 "," 6,549.05 "," 116,377.00 "," 3,650.00 "
2011,Adamawa,Rice," 109,956.91 "," 4,398.28 "," 3,298.71 "," 2,199.14 "," 6,597.41 "," 16,493.54 "," 137,099.00 "," 3,650.00 "
2011,Akwa Ibom,Rice," 90,542.89 "," 3,621.72 "," 2,716.29 "," 1,810.86 "," 5,432.57 "," 13,581.44 "," 127,338.00 "," 3,650.00 "
2011,Anambra,Rice," 69,653.56 "," 2,786.14 "," 2,089.61 "," 1,393.07 "," 4,179.21 "," 10,448.03 "," 127,785.00 "," 3,650.00 "
2011,Bauchi,Rice," 18,863.13 ", 754.53 , 565.89 , 377.26 ," 1,131.79 "," 2,829.47 "," 119,633.00 "," 3,650.00 "
2011,Bayelsa,Rice," 18,785.29 ", 751.41 , 563.56 , 375.71 ," 1,127.12 "," 2,817.80 "," 125,401.00 "," 3,650.00 "
2011,Benue,Rice," 375,009.87 "," 15,000.39 "," 11,250.30 "," 7,500.20 "," 22,500.59 "," 56,251.48 "," 131,458.00 "," 3,650.00 "
2011,Borno,Rice," 100,227.51 "," 4,009.10 "," 3,006.83 "," 2,004.55 "," 6,013.65 "," 15,034.13 "," 124,790.00 "," 3,650.00 "
2011,Cross River,Rice," 73,787.10 "," 2,951.48 "," 2,213.61 "," 1,475.74 "," 4,427.23 "," 11,068.06 "," 128,080.00 "," 3,650.00 "
2011,Delta,Rice," 88,895.82 "," 3,555.83 "," 2,666.87 "," 1,777.92 "," 5,333.75 "," 13,334.37 "," 132,062.00 "," 3,650.00 "
2011,Ebonyi,Rice," 353,827.01 "," 14,153.08 "," 10,614.81 "," 7,076.54 "," 21,229.62 "," 53,074.05 "," 117,006.00 "," 3,650.00 "
2011,Edo,Rice," 119,251.51 "," 4,770.06 "," 3,577.55 "," 2,385.03 "," 7,155.09 "," 17,887.73 "," 115,878.00 "," 3,650.00 "
2011,Ekiti,Rice," 101,778.16 "," 4,071.13 "," 3,053.34 "," 2,035.56 "," 6,106.69 "," 15,266.72 "," 139,269.00 "," 3,650.00 "
2011,Enugu,Rice," 25,935.01 "," 1,037.40 ", 778.05 , 518.70 ," 1,556.10 "," 3,890.25 "," 125,137.00 "," 3,650.00 "
2011,FCT,Rice," 22,357.50 ", 894.30 , 670.72 , 447.15 ," 1,341.45 "," 3,353.62 "," 126,931.00 "," 3,650.00 "
2011,Gombe,Rice," 22,334.57 ", 893.38 , 670.04 , 446.69 ," 1,340.07 "," 3,350.18 "," 139,301.00 "," 3,650.00 "
2011,Imo,Rice," 36,461.59 "," 1,458.46 "," 1,093.85 ", 729.23 ," 2,187.70 "," 5,469.24 "," 139,806.00 "," 3,650.00 "
2011,Jigawa,Rice," 444,607.51 "," 17,784.30 "," 13,338.23 "," 8,892.15 "," 26,676.45 "," 66,691.13 "," 120,212.00 "," 3,650.00 "
2011,Kaduna,Rice," 50,107.46 "," 2,004.30 "," 1,503.22 "," 1,002.15 "," 3,006.45 "," 7,516.12 "," 117,779.00 "," 3,650.00 "
2011,Kano,Rice," 379,756.23 "," 15,190.25 "," 11,392.69 "," 7,595.12 "," 22,785.37 "," 56,963.43 "," 117,617.00 "," 3,650.00 "
2011,Katsina,Rice," 75,529.05 "," 3,021.16 "," 2,265.87 "," 1,510.58 "," 4,531.74 "," 11,329.35 "," 117,022.00 "," 3,650.00 "
2011,Kebbi,Rice," 373,694.56 "," 14,947.78 "," 11,210.84 "," 7,473.89 "," 22,421.67 "," 56,054.18 "," 136,828.00 "," 3,650.00 "
2011,Kogi,Rice," 33,726.80 "," 1,349.07 "," 1,011.80 ", 674.54 ," 2,023.61 "," 5,059.02 "," 136,050.00 "," 3,650.00 "
2011,Kwara,Rice," 43,443.26 "," 1,737.73 "," 1,303.30 ", 868.87 ," 2,606.60 "," 6,516.50 "," 118,225.00 "," 3,650.00 "
2011,Lagos,Rice," 56,374.63 "," 2,254.99 "," 1,691.24 "," 1,127.49 "," 3,382.48 "," 8,456.20 "," 131,300.00 "," 3,650.00 "
2011,Nasarawa,Rice," 98,775.57 "," 3,951.02 "," 2,963.27 "," 1,975.51 "," 5,926.53 "," 14,816.33 "," 134,017.00 "," 3,650.00 "
2011,Niger,Rice," 399,650.75 "," 15,986.03 "," 11,989.52 "," 7,993.02 "," 23,979.04 "," 59,947.61 "," 122,420.00 "," 3,650.00 "
2011,Ogun,Rice," 60,327.12 "," 2,413.08 "," 1,809.81 "," 1,206.54 "," 3,619.63 "," 9,049.06 "," 134,415.00 "," 3,650.00 "
2011,Ondo,Rice," 74,018.79 "," 2,960.75 "," 2,220.56 "," 1,480.38 "," 4,441.13 "," 11,102.82 "," 140,556.00 "," 3,650.00 "
2011,Osun,Rice," 5,581.73 ", 223.27 , 167.45 , 111.63 , 334.90 , 837.25 ," 124,723.00 "," 3,650.00 "
2011,Oyo,Rice," 75,685.18 "," 3,027.41 "," 2,270.56 "," 1,513.70 "," 4,541.11 "," 11,352.78 "," 123,924.00 "," 3,650.00 "
2011,Plateau,Rice," 21,562.18 ", 862.49 , 646.87 , 431.24 ," 1,293.73 "," 3,234.33 "," 137,175.00 "," 3,650.00 "
2011,Rivers,Rice," 7,829.86 ", 313.19 , 234.90 , 156.60 , 469.79 ," 1,174.48 "," 134,422.00 "," 3,650.00 "
2011,Sokoto,Rice," 117,956.29 "," 4,718.25 "," 3,538.69 "," 2,359.13 "," 7,077.38 "," 17,693.45 "," 117,839.00 "," 3,650.00 "
2011,Taraba,Rice," 500,084.40 "," 20,003.38 "," 15,002.53 "," 10,001.69 "," 30,005.06 "," 75,012.66 "," 128,134.00 "," 3,650.00 "
2011,Yobe,Rice," 101,196.90 "," 4,047.88 "," 3,035.91 "," 2,023.94 "," 6,071.81 "," 15,179.54 "," 123,393.00 "," 3,650.00 "
2011,Zamfara,Rice," 38,387.24 "," 1,535.49 "," 1,151.62 ", 767.74 ," 2,303.23 "," 5,758.08 "," 125,163.00 "," 3,650.00 "
2011,Abia,Maize," 21,433.19 "," 1,071.66 ", 857.33 , 643.00 ," 2,143.32 "," 4,715.31 "," 70,269.00 "," 3,650.00 "
2011,Adamawa,Maize," 151,418.30 "," 7,570.92 "," 6,056.73 "," 4,542.55 "," 15,141.83 "," 33,312.03 "," 62,651.00 "," 3,650.00 "
2011,Akwa Ibom,Maize," 106,125.43 "," 5,306.27 "," 4,245.02 "," 3,183.76 "," 10,612.54 "," 23,347.59 "," 70,857.00 "," 3,650.00 "
2011,Anambra,Maize," 28,364.24 "," 1,418.21 "," 1,134.57 ", 850.93 ," 2,836.42 "," 6,240.13 "," 66,713.00 "," 3,650.00 "
2011,Bauchi,Maize," 802,272.37 "," 40,113.62 "," 32,090.89 "," 24,068.17 "," 80,227.24 "," 176,499.92 "," 62,311.00 "," 3,650.00 "
2011,Bayelsa,Maize," 7,798.40 ", 389.92 , 311.94 , 233.95 , 779.84 ," 1,715.65 "," 67,242.00 "," 3,650.00 "
2011,Benue,Maize," 215,099.22 "," 10,754.96 "," 8,603.97 "," 6,452.98 "," 21,509.92 "," 47,321.83 "," 68,790.00 "," 3,650.00 "
2011,Borno,Maize," 61,436.63 "," 3,071.83 "," 2,457.47 "," 1,843.10 "," 6,143.66 "," 13,516.06 "," 59,685.00 "," 3,650.00 "
2011,Cross River,Maize," 152,776.14 "," 7,638.81 "," 6,111.05 "," 4,583.28 "," 15,277.61 "," 33,610.75 "," 59,248.00 "," 3,650.00 "
2011,Delta,Maize," 72,276.21 "," 3,613.81 "," 2,891.05 "," 2,168.29 "," 7,227.62 "," 15,900.77 "," 64,239.00 "," 3,650.00 "
2011,Ebonyi,Maize," 124,645.66 "," 6,232.28 "," 4,985.83 "," 3,739.37 "," 12,464.57 "," 27,422.05 "," 63,061.00 "," 3,650.00 "
2011,Edo,Maize," 121,310.20 "," 6,065.51 "," 4,852.41 "," 3,639.31 "," 12,131.02 "," 26,688.25 "," 60,358.00 "," 3,650.00 "
2011,Ekiti,Maize," 43,766.18 "," 2,188.31 "," 1,750.65 "," 1,312.99 "," 4,376.62 "," 9,628.57 "," 66,536.00 "," 3,650.00 "
2011,Enugu,Maize," 214,785.61 "," 10,739.28 "," 8,591.42 "," 6,443.57 "," 21,478.56 "," 47,252.83 "," 59,593.00 "," 3,650.00 "
2011,FCT,Maize," 182,437.88 "," 9,121.89 "," 7,297.52 "," 5,473.14 "," 18,243.79 "," 40,136.34 "," 59,445.00 "," 3,650.00 "
2011,Gombe,Maize," 938,202.10 "," 46,910.10 "," 37,528.08 "," 28,146.06 "," 93,820.21 "," 206,404.45 "," 67,681.00 "," 3,650.00 "
2011,Imo,Maize," 197,816.88 "," 9,890.84 "," 7,912.68 "," 5,934.51 "," 19,781.69 "," 43,519.72 "," 59,602.00 "," 3,650.00 "
2011,Jigawa,Maize," 144,664.62 "," 7,233.23 "," 5,786.58 "," 4,339.94 "," 14,466.46 "," 31,826.21 "," 63,365.00 "," 3,650.00 "
2011,Kaduna,Maize," 893,174.91 "," 44,658.75 "," 35,727.00 "," 26,795.25 "," 89,317.49 "," 196,498.49 "," 69,066.00 "," 3,650.00 "
2011,Kano,Maize," 744,467.81 "," 37,223.39 "," 29,778.71 "," 22,334.03 "," 74,446.78 "," 163,782.91 "," 71,318.00 "," 3,650.00 "
2011,Katsina,Maize," 756,081.94 "," 37,804.10 "," 30,243.28 "," 22,682.46 "," 75,608.19 "," 166,338.03 "," 63,391.00 "," 3,650.00 "
2011,Kebbi,Maize," 10,000.51 ", 500.03 , 400.02 , 300.02 ," 1,000.05 "," 2,200.12 "," 68,602.00 "," 3,650.00 "
2011,Kogi,Maize," 75,500.72 "," 3,775.04 "," 3,020.03 "," 2,265.02 "," 7,550.07 "," 16,610.16 "," 64,014.00 "," 3,650.00 "
2011,Kwara,Maize," 93,322.26 "," 4,666.11 "," 3,732.89 "," 2,799.67 "," 9,332.23 "," 20,530.90 "," 59,945.00 "," 3,650.00 "
2011,Lagos,Maize," 62,561.24 "," 3,128.06 "," 2,502.45 "," 1,876.84 "," 6,256.12 "," 13,763.47 "," 58,647.00 "," 3,650.00 "
2011,Nasarawa,Maize," 190,612.45 "," 9,530.62 "," 7,624.50 "," 5,718.37 "," 19,061.25 "," 41,934.74 "," 59,231.00 "," 3,650.00 "
2011,Niger,Maize," 79,174.84 "," 3,958.74 "," 3,166.99 "," 2,375.25 "," 7,917.48 "," 17,418.46 "," 60,027.00 "," 3,650.00 "
2011,Ogun,Maize," 65,786.20 "," 3,289.31 "," 2,631.45 "," 1,973.59 "," 6,578.62 "," 14,472.97 "," 68,198.00 "," 3,650.00 "
2011,Ondo,Maize," 126,258.26 "," 6,312.91 "," 5,050.33 "," 3,787.75 "," 12,625.83 "," 27,776.82 "," 71,008.00 "," 3,650.00 "
2011,Osun,Maize," 32,108.09 "," 1,605.40 "," 1,284.32 ", 963.24 ," 3,210.81 "," 7,063.77 "," 62,214.00 "," 3,650.00 "
2011,Oyo,Maize," 909,603.54 "," 45,480.18 "," 36,384.14 "," 27,288.11 "," 90,960.35 "," 200,112.78 "," 61,406.00 "," 3,650.00 "
2011,Plateau,Maize," 742,240.35 "," 37,112.02 "," 29,689.61 "," 22,267.21 "," 74,224.04 "," 163,292.88 "," 58,658.00 "," 3,650.00 "
2011,Rivers,Maize," 238,400.14 "," 11,920.01 "," 9,536.01 "," 7,152.00 "," 23,840.01 "," 52,448.03 "," 59,061.00 "," 3,650.00 "
2011,Sokoto,Maize," 185,146.60 "," 9,257.33 "," 7,405.86 "," 5,554.40 "," 18,514.66 "," 40,732.25 "," 65,360.00 "," 3,650.00 "
2011,Taraba,Maize," 48,109.16 "," 2,405.46 "," 1,924.37 "," 1,443.27 "," 4,810.92 "," 10,584.02 "," 59,459.00 "," 3,650.00 "
2011,Yobe,Maize," 1,280.96 ", 64.05 , 51.24 , 38.43 , 128.10 , 281.82 ," 71,100.00 "," 3,650.00 "
2011,Zamfara,Maize," 188,583.13 "," 9,429.16 "," 7,543.33 "," 5,657.49 "," 18,858.31 "," 41,488.29 "," 66,682.00 "," 3,650.00 "
2011,Abia,Sorghum," 135,889.73 "," 5,435.59 "," 4,076.69 "," 2,717.79 "," 10,871.18 "," 23,101.25 "," 59,454.00 "," 3,390.00 "
2011,Adamawa,Sorghum," 139,210.60 "," 5,568.42 "," 4,176.32 "," 2,784.21 "," 11,136.85 "," 23,665.80 "," 61,011.00 "," 3,390.00 "
2011,Akwa Ibom,Sorghum," 7,563.00 ", 302.52 , 226.89 , 151.26 , 605.04 ," 1,285.71 "," 54,545.00 "," 3,390.00 "
2011,Anambra,Sorghum," 13,655.61 ", 546.22 , 409.67 , 273.11 ," 1,092.45 "," 2,321.45 "," 65,404.00 "," 3,390.00 "
2011,Bauchi,Sorghum," 657,965.68 "," 26,318.63 "," 19,738.97 "," 13,159.31 "," 52,637.25 "," 111,854.16 "," 59,467.00 "," 3,390.00 "
2011,Bayelsa,Sorghum," 1,105.50 ", 44.22 , 33.16 , 22.11 , 88.44 , 187.93 ," 57,328.00 "," 3,390.00 "
2011,Benue,Sorghum," 705,686.23 "," 28,227.45 "," 21,170.59 "," 14,113.72 "," 56,454.90 "," 119,966.66 "," 59,564.00 "," 3,390.00 "
2011,Borno,Sorghum," 673,168.56 "," 26,926.74 "," 20,195.06 "," 13,463.37 "," 53,853.48 "," 114,438.65 "," 61,003.00 "," 3,390.00 "
2011,Cross River,Sorghum," 59,757.54 "," 2,390.30 "," 1,792.73 "," 1,195.15 "," 4,780.60 "," 10,158.78 "," 65,692.00 "," 3,390.00 "
2011,Delta,Sorghum, 628.34 , 25.13 , 18.85 , 12.57 , 50.27 , 106.82 ," 62,377.00 "," 3,390.00 "
2011,Ebonyi,Sorghum," 58,848.62 "," 2,353.94 "," 1,765.46 "," 1,176.97 "," 4,707.89 "," 10,004.26 "," 57,714.00 "," 3,390.00 "
2011,Edo,Sorghum," 63,238.64 "," 2,529.55 "," 1,897.16 "," 1,264.77 "," 5,059.09 "," 10,750.57 "," 62,216.00 "," 3,390.00 "
2011,Ekiti,Sorghum," 132,928.78 "," 5,317.15 "," 3,987.86 "," 2,658.58 "," 10,634.30 "," 22,597.89 "," 64,931.00 "," 3,390.00 "
2011,Enugu,Sorghum," 124,091.36 "," 4,963.65 "," 3,722.74 "," 2,481.83 "," 9,927.31 "," 21,095.53 "," 65,397.00 "," 3,390.00 "
2011,FCT,Sorghum," 171,063.52 "," 6,842.54 "," 5,131.91 "," 3,421.27 "," 13,685.08 "," 29,080.80 "," 61,360.00 "," 3,390.00 "
2011,Gombe,Sorghum," 88,310.06 "," 3,532.40 "," 2,649.30 "," 1,766.20 "," 7,064.80 "," 15,012.70 "," 65,192.00 "," 3,390.00 "
2011,Imo,Sorghum," 23,375.45 ", 935.02 , 701.26 , 467.51 ," 1,870.04 "," 3,973.83 "," 54,542.00 "," 3,390.00 "
2011,Jigawa,Sorghum," 128,115.50 "," 5,124.62 "," 3,843.46 "," 2,562.31 "," 10,249.24 "," 21,779.63 "," 58,517.00 "," 3,390.00 "
2011,Kaduna,Sorghum," 731,132.74 "," 29,245.31 "," 21,933.98 "," 14,622.65 "," 58,490.62 "," 124,292.56 "," 65,847.00 "," 3,390.00 "
2011,Kano,Sorghum," 648,018.80 "," 25,920.75 "," 19,440.56 "," 12,960.38 "," 51,841.50 "," 110,163.19 "," 61,129.00 "," 3,390.00 "
2011,Katsina,Sorghum," 143,637.47 "," 5,745.50 "," 4,309.12 "," 2,872.75 "," 11,491.00 "," 24,418.37 "," 65,638.00 "," 3,390.00 "
2011,Kebbi,Sorghum," 96,292.51 "," 3,851.70 "," 2,888.78 "," 1,925.85 "," 7,703.40 "," 16,369.73 "," 64,059.00 "," 3,390.00 "
2011,Kogi,Sorghum," 98,254.79 "," 3,930.19 "," 2,947.64 "," 1,965.10 "," 7,860.38 "," 16,703.31 "," 58,977.00 "," 3,390.00 "
2011,Kwara,Sorghum," 78,787.90 "," 3,151.52 "," 2,363.64 "," 1,575.76 "," 6,303.03 "," 13,393.95 "," 54,676.00 "," 3,390.00 "
2011,Lagos,Sorghum, 248.38 , 9.94 , 7.45 , 4.97 , 19.87 , 42.23 ," 63,754.00 "," 3,390.00 "
2011,Nasarawa,Sorghum," 21,359.95 ", 854.40 , 640.80 , 427.20 ," 1,708.80 "," 3,631.20 "," 65,959.00 "," 3,390.00 "
2011,Niger,Sorghum," 5,958.95 ", 238.36 , 178.77 , 119.18 , 476.72 ," 1,013.03 "," 63,227.00 "," 3,390.00 "
2011,Ogun,Sorghum," 125,334.82 "," 5,013.39 "," 3,760.04 "," 2,506.70 "," 10,026.79 "," 21,306.92 "," 64,195.00 "," 3,390.00 "
2011,Ondo,Sorghum," 57,775.53 "," 2,311.02 "," 1,733.27 "," 1,155.51 "," 4,622.04 "," 9,821.84 "," 59,406.00 "," 3,390.00 "
2011,Osun,Sorghum," 92,336.93 "," 3,693.48 "," 2,770.11 "," 1,846.74 "," 7,386.95 "," 15,697.28 "," 65,448.00 "," 3,390.00 "
2011,Oyo,Sorghum," 172,942.20 "," 6,917.69 "," 5,188.27 "," 3,458.84 "," 13,835.38 "," 29,400.18 "," 56,743.00 "," 3,390.00 "
2011,Plateau,Sorghum," 47,812.13 "," 1,912.49 "," 1,434.36 ", 956.24 ," 3,824.97 "," 8,128.06 "," 61,417.00 "," 3,390.00 "
2011,Rivers,Sorghum," 3,814.09 ", 152.56 , 114.42 , 76.28 , 305.13 , 648.39 ," 55,362.00 "," 3,390.00 "
2011,Sokoto,Sorghum," 720,273.70 "," 28,810.95 "," 21,608.21 "," 14,405.47 "," 57,621.90 "," 122,446.53 "," 60,243.00 "," 3,390.00 "
2011,Taraba,Sorghum," 44,315.61 "," 1,772.62 "," 1,329.47 ", 886.31 ," 3,545.25 "," 7,533.65 "," 60,241.00 "," 3,390.00 "
2011,Yobe,Sorghum," 15,026.06 ", 601.04 , 450.78 , 300.52 ," 1,202.08 "," 2,554.42 "," 60,622.00 "," 3,390.00 "
2011,Zamfara,Sorghum," 624,075.75 "," 24,963.03 "," 18,722.27 "," 12,481.52 "," 49,926.06 "," 106,092.88 "," 64,519.00 "," 3,390.00 "
2012,Abia,Rice," 52,963.44 "," 2,118.54 "," 1,588.90 "," 1,059.27 "," 3,177.81 "," 7,944.52 "," 126,045.00 "," 3,650.00 "
2012,Adamawa,Rice," 129,353.24 "," 5,174.13 "," 3,880.60 "," 2,587.06 "," 7,761.19 "," 19,402.98 "," 142,939.00 "," 3,650.00 "
2012,Akwa Ibom,Rice," 105,776.98 "," 4,231.08 "," 3,173.31 "," 2,115.54 "," 6,346.62 "," 15,866.55 "," 141,550.00 "," 3,650.00 "
2012,Anambra,Rice," 83,027.28 "," 3,321.09 "," 2,490.82 "," 1,660.55 "," 4,981.64 "," 12,454.10 "," 126,109.00 "," 3,650.00 "
2012,Bauchi,Rice," 21,196.02 ", 847.84 , 635.88 , 423.92 ," 1,271.76 "," 3,179.40 "," 131,935.00 "," 3,650.00 "
2012,Bayelsa,Rice," 22,474.33 ", 898.97 , 674.23 , 449.49 ," 1,348.46 "," 3,371.15 "," 133,069.00 "," 3,650.00 "
2012,Benue,Rice," 433,925.59 "," 17,357.02 "," 13,017.77 "," 8,678.51 "," 26,035.54 "," 65,088.84 "," 146,993.00 "," 3,650.00 "
2012,Borno,Rice," 121,802.27 "," 4,872.09 "," 3,654.07 "," 2,436.05 "," 7,308.14 "," 18,270.35 "," 136,380.00 "," 3,650.00 "
2012,Cross River,Rice," 88,266.29 "," 3,530.65 "," 2,647.99 "," 1,765.33 "," 5,295.98 "," 13,239.95 "," 133,185.00 "," 3,650.00 "
2012,Delta,Rice," 102,338.18 "," 4,093.53 "," 3,070.15 "," 2,046.76 "," 6,140.29 "," 15,350.73 "," 145,856.00 "," 3,650.00 "
2012,Ebonyi,Rice," 450,689.27 "," 18,027.57 "," 13,520.68 "," 9,013.79 "," 27,041.36 "," 67,603.40 "," 126,400.00 "," 3,650.00 "
2012,Edo,Rice," 144,398.75 "," 5,775.95 "," 4,331.96 "," 2,887.98 "," 8,663.92 "," 21,659.81 "," 135,785.00 "," 3,650.00 "
2012,Ekiti,Rice," 115,988.75 "," 4,639.55 "," 3,479.66 "," 2,319.78 "," 6,959.32 "," 17,398.31 "," 134,888.00 "," 3,650.00 "
2012,Enugu,Rice," 31,774.78 "," 1,270.99 ", 953.24 , 635.50 ," 1,906.49 "," 4,766.22 "," 135,799.00 "," 3,650.00 "
2012,FCT,Rice," 25,517.71 "," 1,020.71 ", 765.53 , 510.35 ," 1,531.06 "," 3,827.65 "," 139,628.00 "," 3,650.00 "
2012,Gombe,Rice," 25,507.35 "," 1,020.29 ", 765.22 , 510.15 ," 1,530.44 "," 3,826.10 "," 124,463.00 "," 3,650.00 "
2012,Imo,Rice," 41,829.74 "," 1,673.19 "," 1,254.89 ", 836.59 ," 2,509.78 "," 6,274.45 "," 125,882.00 "," 3,650.00 "
2012,Jigawa,Rice," 485,771.37 "," 19,430.85 "," 14,573.14 "," 9,715.43 "," 29,146.28 "," 72,865.70 "," 126,176.00 "," 3,650.00 "
2012,Kaduna,Rice," 62,545.17 "," 2,501.81 "," 1,876.36 "," 1,250.90 "," 3,752.71 "," 9,381.78 "," 127,347.00 "," 3,650.00 "
2012,Kano,Rice," 462,693.22 "," 18,507.73 "," 13,880.80 "," 9,253.86 "," 27,761.59 "," 69,403.98 "," 146,792.00 "," 3,650.00 "
2012,Katsina,Rice," 87,137.40 "," 3,485.50 "," 2,614.12 "," 1,742.75 "," 5,228.24 "," 13,070.61 "," 140,557.00 "," 3,650.00 "
2012,Kebbi,Rice," 433,590.89 "," 17,343.64 "," 13,007.73 "," 8,671.82 "," 26,015.45 "," 65,038.64 "," 127,630.00 "," 3,650.00 "
2012,Kogi,Rice," 39,799.33 "," 1,591.97 "," 1,193.98 ", 795.99 ," 2,387.96 "," 5,969.90 "," 126,995.00 "," 3,650.00 "
2012,Kwara,Rice," 51,153.62 "," 2,046.14 "," 1,534.61 "," 1,023.07 "," 3,069.22 "," 7,673.04 "," 127,214.00 "," 3,650.00 "
2012,Lagos,Rice," 62,442.63 "," 2,497.71 "," 1,873.28 "," 1,248.85 "," 3,746.56 "," 9,366.40 "," 125,681.00 "," 3,650.00 "
2012,Nasarawa,Rice," 111,673.51 "," 4,466.94 "," 3,350.21 "," 2,233.47 "," 6,700.41 "," 16,751.03 "," 128,012.00 "," 3,650.00 "
2012,Niger,Rice," 450,671.93 "," 18,026.88 "," 13,520.16 "," 9,013.44 "," 27,040.32 "," 67,600.80 "," 136,092.00 "," 3,650.00 "
2012,Ogun,Rice," 74,824.19 "," 2,992.97 "," 2,244.73 "," 1,496.48 "," 4,489.45 "," 11,223.63 "," 123,469.00 "," 3,650.00 "
2012,Ondo,Rice," 87,122.02 "," 3,484.88 "," 2,613.66 "," 1,742.44 "," 5,227.32 "," 13,068.30 "," 139,478.00 "," 3,650.00 "
2012,Osun,Rice," 6,355.13 ", 254.21 , 190.65 , 127.10 , 381.31 , 953.27 ," 146,161.00 "," 3,650.00 "
2012,Oyo,Rice," 90,400.80 "," 3,616.03 "," 2,712.02 "," 1,808.02 "," 5,424.05 "," 13,560.12 "," 124,061.00 "," 3,650.00 "
2012,Plateau,Rice," 23,805.42 ", 952.22 , 714.16 , 476.11 ," 1,428.33 "," 3,570.82 "," 144,328.00 "," 3,650.00 "
2012,Rivers,Rice," 9,519.14 ", 380.77 , 285.57 , 190.38 , 571.15 ," 1,427.87 "," 127,418.00 "," 3,650.00 "
2012,Sokoto,Rice," 131,550.90 "," 5,262.04 "," 3,946.53 "," 2,631.02 "," 7,893.05 "," 19,732.64 "," 132,476.00 "," 3,650.00 "
2012,Taraba,Rice," 565,365.89 "," 22,614.64 "," 16,960.98 "," 11,307.32 "," 33,921.95 "," 84,804.89 "," 139,216.00 "," 3,650.00 "
2012,Yobe,Rice," 113,915.83 "," 4,556.63 "," 3,417.47 "," 2,278.32 "," 6,834.95 "," 17,087.37 "," 134,980.00 "," 3,650.00 "
2012,Zamfara,Rice," 44,571.38 "," 1,782.86 "," 1,337.14 ", 891.43 ," 2,674.28 "," 6,685.71 "," 123,397.00 "," 3,650.00 "
2012,Abia,Maize," 21,507.40 "," 1,075.37 ", 860.30 , 645.22 ," 2,150.74 "," 4,731.63 "," 72,986.00 "," 3,650.00 "
2012,Adamawa,Maize," 160,598.48 "," 8,029.92 "," 6,423.94 "," 4,817.95 "," 16,059.85 "," 35,331.66 "," 70,163.00 "," 3,650.00 "
2012,Akwa Ibom,Maize," 99,701.08 "," 4,985.05 "," 3,988.04 "," 2,991.03 "," 9,970.11 "," 21,934.23 "," 64,500.00 "," 3,650.00 "
2012,Anambra,Maize," 27,410.08 "," 1,370.50 "," 1,096.40 ", 822.30 ," 2,741.01 "," 6,030.21 "," 70,456.00 "," 3,650.00 "
2012,Bauchi,Maize," 768,851.60 "," 38,442.58 "," 30,754.06 "," 23,065.55 "," 76,885.16 "," 169,147.35 "," 66,769.00 "," 3,650.00 "
2012,Bayelsa,Maize," 7,669.29 ", 383.46 , 306.77 , 230.08 , 766.93 ," 1,687.24 "," 63,280.00 "," 3,650.00 "
2012,Benue,Maize," 201,662.26 "," 10,083.11 "," 8,066.49 "," 6,049.87 "," 20,166.23 "," 44,365.70 "," 65,960.00 "," 3,650.00 "
2012,Borno,Maize," 57,421.94 "," 2,871.10 "," 2,296.88 "," 1,722.66 "," 5,742.19 "," 12,632.83 "," 64,676.00 "," 3,650.00 "
2012,Cross River,Maize," 155,432.68 "," 7,771.63 "," 6,217.31 "," 4,662.98 "," 15,543.27 "," 34,195.19 "," 71,310.00 "," 3,650.00 "
2012,Delta,Maize," 71,641.71 "," 3,582.09 "," 2,865.67 "," 2,149.25 "," 7,164.17 "," 15,761.18 "," 74,048.00 "," 3,650.00 "
2012,Ebonyi,Maize," 117,407.75 "," 5,870.39 "," 4,696.31 "," 3,522.23 "," 11,740.78 "," 25,829.71 "," 64,216.00 "," 3,650.00 "
2012,Edo,Maize," 123,899.64 "," 6,194.98 "," 4,955.99 "," 3,716.99 "," 12,389.96 "," 27,257.92 "," 71,215.00 "," 3,650.00 "
2012,Ekiti,Maize," 42,762.67 "," 2,138.13 "," 1,710.51 "," 1,282.88 "," 4,276.27 "," 9,407.79 "," 69,043.00 "," 3,650.00 "
2012,Enugu,Maize," 210,769.19 "," 10,538.46 "," 8,430.77 "," 6,323.08 "," 21,076.92 "," 46,369.23 "," 66,972.00 "," 3,650.00 "
2012,FCT,Maize," 172,620.77 "," 8,631.04 "," 6,904.83 "," 5,178.62 "," 17,262.08 "," 37,976.57 "," 72,042.00 "," 3,650.00 "
2012,Gombe,Maize," 895,794.27 "," 44,789.71 "," 35,831.77 "," 26,873.83 "," 89,579.43 "," 197,074.74 "," 67,985.00 "," 3,650.00 "
2012,Imo,Maize," 211,872.55 "," 10,593.63 "," 8,474.90 "," 6,356.18 "," 21,187.26 "," 46,611.97 "," 71,480.00 "," 3,650.00 "
2012,Jigawa,Maize," 131,452.27 "," 6,572.61 "," 5,258.09 "," 3,943.57 "," 13,145.23 "," 28,919.50 "," 64,424.00 "," 3,650.00 "
2012,Kaduna,Maize," 854,779.09 "," 42,738.95 "," 34,191.16 "," 25,643.37 "," 85,477.91 "," 188,051.39 "," 66,443.00 "," 3,650.00 "
2012,Kano,Maize," 673,687.62 "," 33,684.38 "," 26,947.50 "," 20,210.63 "," 67,368.76 "," 148,211.27 "," 65,611.00 "," 3,650.00 "
2012,Katsina,Maize," 706,112.26 "," 35,305.61 "," 28,244.49 "," 21,183.37 "," 70,611.23 "," 155,344.70 "," 65,427.00 "," 3,650.00 "
2012,Kebbi,Maize," 10,617.03 ", 530.85 , 424.68 , 318.51 ," 1,061.70 "," 2,335.74 "," 64,123.00 "," 3,650.00 "
2012,Kogi,Maize," 73,636.31 "," 3,681.82 "," 2,945.45 "," 2,209.09 "," 7,363.63 "," 16,199.99 "," 68,745.00 "," 3,650.00 "
2012,Kwara,Maize," 91,992.68 "," 4,599.63 "," 3,679.71 "," 2,759.78 "," 9,199.27 "," 20,238.39 "," 64,568.00 "," 3,650.00 "
2012,Lagos,Maize," 60,642.02 "," 3,032.10 "," 2,425.68 "," 1,819.26 "," 6,064.20 "," 13,341.24 "," 76,572.00 "," 3,650.00 "
2012,Nasarawa,Maize," 193,959.84 "," 9,697.99 "," 7,758.39 "," 5,818.80 "," 19,395.98 "," 42,671.16 "," 74,439.00 "," 3,650.00 "
2012,Niger,Maize," 78,601.13 "," 3,930.06 "," 3,144.05 "," 2,358.03 "," 7,860.11 "," 17,292.25 "," 65,392.00 "," 3,650.00 "
2012,Ogun,Maize," 64,501.88 "," 3,225.09 "," 2,580.08 "," 1,935.06 "," 6,450.19 "," 14,190.42 "," 76,011.00 "," 3,650.00 "
2012,Ondo,Maize," 123,230.77 "," 6,161.54 "," 4,929.23 "," 3,696.92 "," 12,323.08 "," 27,110.77 "," 71,002.00 "," 3,650.00 "
2012,Osun,Maize," 31,119.16 "," 1,555.96 "," 1,244.77 ", 933.57 ," 3,111.92 "," 6,846.22 "," 73,772.00 "," 3,650.00 "
2012,Oyo,Maize," 831,629.97 "," 41,581.50 "," 33,265.20 "," 24,948.90 "," 83,163.00 "," 182,958.60 "," 67,531.00 "," 3,650.00 "
2012,Plateau,Maize," 689,025.86 "," 34,451.29 "," 27,561.03 "," 20,670.78 "," 68,902.59 "," 151,585.69 "," 70,106.00 "," 3,650.00 "
2012,Rivers,Maize," 217,089.12 "," 10,854.46 "," 8,683.56 "," 6,512.67 "," 21,708.91 "," 47,759.60 "," 64,607.00 "," 3,650.00 "
2012,Sokoto,Maize," 176,293.79 "," 8,814.69 "," 7,051.75 "," 5,288.81 "," 17,629.38 "," 38,784.63 "," 67,040.00 "," 3,650.00 "
2012,Taraba,Maize," 45,232.47 "," 2,261.62 "," 1,809.30 "," 1,356.97 "," 4,523.25 "," 9,951.14 "," 65,161.00 "," 3,650.00 "
2012,Yobe,Maize," 1,244.49 ", 62.22 , 49.78 , 37.33 , 124.45 , 273.78 ," 70,456.00 "," 3,650.00 "
2012,Zamfara,Maize," 175,870.89 "," 8,793.54 "," 7,034.84 "," 5,276.13 "," 17,587.09 "," 38,691.60 "," 67,712.00 "," 3,650.00 "
2012,Abia,Sorghum," 127,477.74 "," 5,099.11 "," 3,824.33 "," 2,549.55 "," 10,198.22 "," 21,671.21 "," 59,323.00 "," 3,390.00 "
2012,Adamawa,Sorghum," 143,147.20 "," 5,725.89 "," 4,294.42 "," 2,862.94 "," 11,451.78 "," 24,335.03 "," 62,690.00 "," 3,390.00 "
2012,Akwa Ibom,Sorghum," 7,442.30 ", 297.69 , 223.27 , 148.85 , 595.38 ," 1,265.19 "," 61,810.00 "," 3,390.00 "
2012,Anambra,Sorghum," 14,111.81 ", 564.47 , 423.35 , 282.24 ," 1,128.94 "," 2,399.00 "," 68,382.00 "," 3,390.00 "
2012,Bauchi,Sorghum," 634,675.82 "," 25,387.03 "," 19,040.27 "," 12,693.52 "," 50,774.07 "," 107,894.89 "," 64,630.00 "," 3,390.00 "
2012,Bayelsa,Sorghum," 1,074.90 ", 43.00 , 32.25 , 21.50 , 85.99 , 182.74 ," 63,035.00 "," 3,390.00 "
2012,Benue,Sorghum," 754,185.65 "," 30,167.43 "," 22,625.57 "," 15,083.71 "," 60,334.85 "," 128,211.56 "," 69,298.00 "," 3,390.00 "
2012,Borno,Sorghum," 709,776.55 "," 28,391.06 "," 21,293.30 "," 14,195.53 "," 56,782.12 "," 120,662.01 "," 60,115.00 "," 3,390.00 "
2012,Cross River,Sorghum," 63,370.02 "," 2,534.80 "," 1,901.10 "," 1,267.40 "," 5,069.60 "," 10,772.90 "," 70,698.00 "," 3,390.00 "
2012,Delta,Sorghum, 575.90 , 23.04 , 17.28 , 11.52 , 46.07 , 97.91 ," 59,364.00 "," 3,390.00 "
2012,Ebonyi,Sorghum," 59,615.67 "," 2,384.63 "," 1,788.47 "," 1,192.31 "," 4,769.25 "," 10,134.66 "," 65,968.00 "," 3,390.00 "
2012,Edo,Sorghum," 62,951.03 "," 2,518.04 "," 1,888.53 "," 1,259.02 "," 5,036.08 "," 10,701.67 "," 60,317.00 "," 3,390.00 "
2012,Ekiti,Sorghum," 140,605.84 "," 5,624.23 "," 4,218.18 "," 2,812.12 "," 11,248.47 "," 23,903.00 "," 61,121.00 "," 3,390.00 "
2012,Enugu,Sorghum," 115,328.87 "," 4,613.15 "," 3,459.87 "," 2,306.58 "," 9,226.31 "," 19,605.91 "," 60,635.00 "," 3,390.00 "
2012,FCT,Sorghum," 171,299.59 "," 6,851.98 "," 5,138.99 "," 3,425.99 "," 13,703.97 "," 29,120.93 "," 67,147.00 "," 3,390.00 "
2012,Gombe,Sorghum," 88,596.69 "," 3,543.87 "," 2,657.90 "," 1,771.93 "," 7,087.74 "," 15,061.44 "," 63,164.00 "," 3,390.00 "
2012,Imo,Sorghum," 23,230.99 ", 929.24 , 696.93 , 464.62 ," 1,858.48 "," 3,949.27 "," 63,601.00 "," 3,390.00 "
2012,Jigawa,Sorghum," 137,737.57 "," 5,509.50 "," 4,132.13 "," 2,754.75 "," 11,019.01 "," 23,415.39 "," 64,208.00 "," 3,390.00 "
2012,Kaduna,Sorghum," 695,309.80 "," 27,812.39 "," 20,859.29 "," 13,906.20 "," 55,624.78 "," 118,202.66 "," 64,514.00 "," 3,390.00 "
2012,Kano,Sorghum," 653,386.48 "," 26,135.46 "," 19,601.59 "," 13,067.73 "," 52,270.92 "," 111,075.70 "," 68,218.00 "," 3,390.00 "
2012,Katsina,Sorghum," 144,354.81 "," 5,774.19 "," 4,330.64 "," 2,887.10 "," 11,548.38 "," 24,540.31 "," 61,518.00 "," 3,390.00 "
2012,Kebbi,Sorghum," 96,125.81 "," 3,845.03 "," 2,883.77 "," 1,922.52 "," 7,690.06 "," 16,341.38 "," 63,490.00 "," 3,390.00 "
2012,Kogi,Sorghum," 98,275.30 "," 3,931.01 "," 2,948.26 "," 1,965.51 "," 7,862.02 "," 16,706.80 "," 70,284.00 "," 3,390.00 "
2012,Kwara,Sorghum," 81,024.69 "," 3,240.99 "," 2,430.74 "," 1,620.49 "," 6,481.98 "," 13,774.20 "," 60,019.00 "," 3,390.00 "
2012,Lagos,Sorghum, 248.37 , 9.93 , 7.45 , 4.97 , 19.87 , 42.22 ," 66,660.00 "," 3,390.00 "
2012,Nasarawa,Sorghum," 19,862.52 ", 794.50 , 595.88 , 397.25 ," 1,589.00 "," 3,376.63 "," 60,310.00 "," 3,390.00 "
2012,Niger,Sorghum," 6,056.14 ", 242.25 , 181.68 , 121.12 , 484.49 ," 1,029.54 "," 66,560.00 "," 3,390.00 "
2012,Ogun,Sorghum," 119,526.80 "," 4,781.07 "," 3,585.80 "," 2,390.54 "," 9,562.14 "," 20,319.55 "," 70,120.00 "," 3,390.00 "
2012,Ondo,Sorghum," 60,541.77 "," 2,421.67 "," 1,816.25 "," 1,210.84 "," 4,843.34 "," 10,292.10 "," 60,471.00 "," 3,390.00 "
2012,Osun,Sorghum," 93,405.79 "," 3,736.23 "," 2,802.17 "," 1,868.12 "," 7,472.46 "," 15,878.98 "," 61,730.00 "," 3,390.00 "
2012,Oyo,Sorghum," 174,029.54 "," 6,961.18 "," 5,220.89 "," 3,480.59 "," 13,922.36 "," 29,585.02 "," 58,935.00 "," 3,390.00 "
2012,Plateau,Sorghum," 46,990.57 "," 1,879.62 "," 1,409.72 ", 939.81 ," 3,759.25 "," 7,988.40 "," 68,411.00 "," 3,390.00 "
2012,Rivers,Sorghum," 3,985.64 ", 159.43 , 119.57 , 79.71 , 318.85 , 677.56 ," 62,947.00 "," 3,390.00 "
2012,Sokoto,Sorghum," 725,577.01 "," 29,023.08 "," 21,767.31 "," 14,511.54 "," 58,046.16 "," 123,348.09 "," 59,938.00 "," 3,390.00 "
2012,Taraba,Sorghum," 44,311.99 "," 1,772.48 "," 1,329.36 ", 886.24 ," 3,544.96 "," 7,533.04 "," 60,157.00 "," 3,390.00 "
2012,Yobe,Sorghum," 14,261.68 ", 570.47 , 427.85 , 285.23 ," 1,140.93 "," 2,424.48 "," 68,864.00 "," 3,390.00 "
2012,Zamfara,Sorghum," 594,242.78 "," 23,769.71 "," 17,827.28 "," 11,884.86 "," 47,539.42 "," 101,021.27 "," 61,480.00 "," 3,390.00 "
2013,Abia,Rice," 48,526.84 "," 1,941.07 "," 1,455.81 ", 970.54 ," 2,911.61 "," 7,279.03 "," 150,337.00 "," 3,650.00 "
2013,Adamawa,Rice," 122,200.84 "," 4,888.03 "," 3,666.03 "," 2,444.02 "," 7,332.05 "," 18,330.13 "," 149,585.00 "," 3,650.00 "
2013,Akwa Ibom,Rice," 93,174.29 "," 3,726.97 "," 2,795.23 "," 1,863.49 "," 5,590.46 "," 13,976.15 "," 136,851.00 "," 3,650.00 "
2013,Anambra,Rice," 74,707.23 "," 2,988.29 "," 2,241.22 "," 1,494.14 "," 4,482.43 "," 11,206.08 "," 134,830.00 "," 3,650.00 "
2013,Bauchi,Rice," 20,582.57 ", 823.30 , 617.48 , 411.65 ," 1,234.95 "," 3,087.38 "," 146,401.00 "," 3,650.00 "
2013,Bayelsa,Rice," 19,575.77 ", 783.03 , 587.27 , 391.52 ," 1,174.55 "," 2,936.37 "," 142,905.00 "," 3,650.00 "
2013,Benue,Rice," 404,939.18 "," 16,197.57 "," 12,148.18 "," 8,098.78 "," 24,296.35 "," 60,740.88 "," 134,016.00 "," 3,650.00 "
2013,Borno,Rice," 110,731.75 "," 4,429.27 "," 3,321.95 "," 2,214.64 "," 6,643.90 "," 16,609.76 "," 144,169.00 "," 3,650.00 "
2013,Cross River,Rice," 77,038.58 "," 3,081.54 "," 2,311.16 "," 1,540.77 "," 4,622.31 "," 11,555.78 "," 130,121.00 "," 3,650.00 "
2013,Delta,Rice," 93,085.61 "," 3,723.42 "," 2,792.57 "," 1,861.71 "," 5,585.14 "," 13,962.84 "," 156,445.00 "," 3,650.00 "
2013,Ebonyi,Rice," 385,343.10 "," 15,413.72 "," 11,560.29 "," 7,706.86 "," 23,120.59 "," 57,801.46 "," 149,663.00 "," 3,650.00 "
2013,Edo,Rice," 128,126.90 "," 5,125.08 "," 3,843.81 "," 2,562.54 "," 7,687.61 "," 19,219.04 "," 149,968.00 "," 3,650.00 "
2013,Ekiti,Rice," 101,843.42 "," 4,073.74 "," 3,055.30 "," 2,036.87 "," 6,110.61 "," 15,276.52 "," 146,197.00 "," 3,650.00 "
2013,Enugu,Rice," 27,200.51 "," 1,088.02 ", 816.02 , 544.01 ," 1,632.03 "," 4,080.08 "," 141,814.00 "," 3,650.00 "
2013,FCT,Rice," 23,590.64 ", 943.63 , 707.72 , 471.81 ," 1,415.44 "," 3,538.60 "," 156,509.00 "," 3,650.00 "
2013,Gombe,Rice," 24,235.21 ", 969.41 , 727.06 , 484.70 ," 1,454.11 "," 3,635.28 "," 142,584.00 "," 3,650.00 "
2013,Imo,Rice," 37,070.32 "," 1,482.81 "," 1,112.11 ", 741.41 ," 2,224.22 "," 5,560.55 "," 157,963.00 "," 3,650.00 "
2013,Jigawa,Rice," 461,892.00 "," 18,475.68 "," 13,856.76 "," 9,237.84 "," 27,713.52 "," 69,283.80 "," 133,190.00 "," 3,650.00 "
2013,Kaduna,Rice," 57,051.67 "," 2,282.07 "," 1,711.55 "," 1,141.03 "," 3,423.10 "," 8,557.75 "," 154,653.00 "," 3,650.00 "
2013,Kano,Rice," 417,938.66 "," 16,717.55 "," 12,538.16 "," 8,358.77 "," 25,076.32 "," 62,690.80 "," 146,628.00 "," 3,650.00 "
2013,Katsina,Rice," 76,767.17 "," 3,070.69 "," 2,303.02 "," 1,535.34 "," 4,606.03 "," 11,515.08 "," 131,177.00 "," 3,650.00 "
2013,Kebbi,Rice," 391,363.02 "," 15,654.52 "," 11,740.89 "," 7,827.26 "," 23,481.78 "," 58,704.45 "," 152,722.00 "," 3,650.00 "
2013,Kogi,Rice," 35,194.14 "," 1,407.77 "," 1,055.82 ", 703.88 ," 2,111.65 "," 5,279.12 "," 139,204.00 "," 3,650.00 "
2013,Kwara,Rice," 45,962.34 "," 1,838.49 "," 1,378.87 ", 919.25 ," 2,757.74 "," 6,894.35 "," 145,076.00 "," 3,650.00 "
2013,Lagos,Rice," 60,232.41 "," 2,409.30 "," 1,806.97 "," 1,204.65 "," 3,613.94 "," 9,034.86 "," 139,574.00 "," 3,650.00 "
2013,Nasarawa,Rice," 97,995.46 "," 3,919.82 "," 2,939.86 "," 1,959.91 "," 5,879.73 "," 14,699.32 "," 150,840.00 "," 3,650.00 "
2013,Niger,Rice," 403,610.68 "," 16,144.43 "," 12,108.32 "," 8,072.21 "," 24,216.64 "," 60,541.60 "," 136,068.00 "," 3,650.00 "
2013,Ogun,Rice," 64,867.59 "," 2,594.70 "," 1,946.03 "," 1,297.35 "," 3,892.06 "," 9,730.14 "," 133,656.00 "," 3,650.00 "
2013,Ondo,Rice," 72,656.76 "," 2,906.27 "," 2,179.70 "," 1,453.14 "," 4,359.41 "," 10,898.52 "," 143,952.00 "," 3,650.00 "
2013,Osun,Rice," 5,839.71 ", 233.59 , 175.19 , 116.79 , 350.38 , 875.95 ," 155,947.00 "," 3,650.00 "
2013,Oyo,Rice," 75,944.75 "," 3,037.79 "," 2,278.34 "," 1,518.90 "," 4,556.68 "," 11,391.71 "," 146,320.00 "," 3,650.00 "
2013,Plateau,Rice," 21,899.26 ", 875.97 , 656.98 , 437.99 ," 1,313.96 "," 3,284.90 "," 129,977.00 "," 3,650.00 "
2013,Rivers,Rice," 8,379.92 ", 335.20 , 251.40 , 167.60 , 502.80 ," 1,257.00 "," 134,727.00 "," 3,650.00 "
2013,Sokoto,Rice," 125,813.44 "," 5,032.54 "," 3,774.40 "," 2,516.27 "," 7,548.81 "," 18,872.02 "," 133,881.00 "," 3,650.00 "
2013,Taraba,Rice," 498,339.99 "," 19,933.60 "," 14,950.20 "," 9,966.80 "," 29,900.40 "," 74,751.00 "," 132,058.00 "," 3,650.00 "
2013,Yobe,Rice," 107,552.86 "," 4,302.11 "," 3,226.59 "," 2,151.06 "," 6,453.17 "," 16,132.93 "," 144,063.00 "," 3,650.00 "
2013,Zamfara,Rice," 38,977.10 "," 1,559.08 "," 1,169.31 ", 779.54 ," 2,338.63 "," 5,846.56 "," 131,531.00 "," 3,650.00 "
2013,Abia,Maize," 21,902.28 "," 1,095.11 ", 876.09 , 657.07 ," 2,190.23 "," 4,818.50 "," 70,648.00 "," 3,650.00 "
2013,Adamawa,Maize," 155,651.28 "," 7,782.56 "," 6,226.05 "," 4,669.54 "," 15,565.13 "," 34,243.28 "," 70,577.00 "," 3,650.00 "
2013,Akwa Ibom,Maize," 93,315.62 "," 4,665.78 "," 3,732.62 "," 2,799.47 "," 9,331.56 "," 20,529.43 "," 68,048.00 "," 3,650.00 "
2013,Anambra,Maize," 26,624.27 "," 1,331.21 "," 1,064.97 ", 798.73 ," 2,662.43 "," 5,857.34 "," 75,972.00 "," 3,650.00 "
2013,Bauchi,Maize," 731,447.04 "," 36,572.35 "," 29,257.88 "," 21,943.41 "," 73,144.70 "," 160,918.34 "," 79,132.00 "," 3,650.00 "
2013,Bayelsa,Maize," 7,488.19 ", 374.41 , 299.53 , 224.65 , 748.82 ," 1,647.41 "," 75,365.00 "," 3,650.00 "
2013,Benue,Maize," 197,757.62 "," 9,887.88 "," 7,910.30 "," 5,932.73 "," 19,775.76 "," 43,506.67 "," 73,511.00 "," 3,650.00 "
2013,Borno,Maize," 56,952.09 "," 2,847.60 "," 2,278.08 "," 1,708.56 "," 5,695.21 "," 12,529.45 "," 69,828.00 "," 3,650.00 "
2013,Cross River,Maize," 140,332.71 "," 7,016.64 "," 5,613.31 "," 4,209.98 "," 14,033.27 "," 30,873.20 "," 80,426.00 "," 3,650.00 "
2013,Delta,Maize," 71,236.67 "," 3,561.83 "," 2,849.47 "," 2,137.10 "," 7,123.67 "," 15,672.07 "," 73,099.00 "," 3,650.00 "
2013,Ebonyi,Maize," 111,169.18 "," 5,558.46 "," 4,446.77 "," 3,335.08 "," 11,116.92 "," 24,457.23 "," 77,159.00 "," 3,650.00 "
2013,Edo,Maize," 118,514.64 "," 5,925.73 "," 4,740.59 "," 3,555.44 "," 11,851.46 "," 26,073.22 "," 67,880.00 "," 3,650.00 "
2013,Ekiti,Maize," 39,050.86 "," 1,952.54 "," 1,562.03 "," 1,171.53 "," 3,905.09 "," 8,591.19 "," 78,239.00 "," 3,650.00 "
2013,Enugu,Maize," 215,491.43 "," 10,774.57 "," 8,619.66 "," 6,464.74 "," 21,549.14 "," 47,408.11 "," 67,906.00 "," 3,650.00 "
2013,FCT,Maize," 164,864.47 "," 8,243.22 "," 6,594.58 "," 4,945.93 "," 16,486.45 "," 36,270.18 "," 70,966.00 "," 3,650.00 "
2013,Gombe,Maize," 876,676.44 "," 43,833.82 "," 35,067.06 "," 26,300.29 "," 87,667.64 "," 192,868.81 "," 67,795.00 "," 3,650.00 "
2013,Imo,Maize," 188,015.17 "," 9,400.76 "," 7,520.61 "," 5,640.46 "," 18,801.52 "," 41,363.35 "," 79,498.00 "," 3,650.00 "
2013,Jigawa,Maize," 126,600.43 "," 6,330.02 "," 5,064.02 "," 3,798.01 "," 12,660.04 "," 27,852.09 "," 77,291.00 "," 3,650.00 "
2013,Kaduna,Maize," 835,541.75 "," 41,777.09 "," 33,421.67 "," 25,066.25 "," 83,554.18 "," 183,819.19 "," 68,991.00 "," 3,650.00 "
2013,Kano,Maize," 658,329.78 "," 32,916.49 "," 26,333.19 "," 19,749.89 "," 65,832.98 "," 144,832.55 "," 78,334.00 "," 3,650.00 "
2013,Katsina,Maize," 724,069.62 "," 36,203.48 "," 28,962.78 "," 21,722.09 "," 72,406.96 "," 159,295.31 "," 79,953.00 "," 3,650.00 "
2013,Kebbi,Maize," 9,792.84 ", 489.64 , 391.71 , 293.79 , 979.28 ," 2,154.42 "," 77,521.00 "," 3,650.00 "
2013,Kogi,Maize," 69,074.22 "," 3,453.71 "," 2,762.97 "," 2,072.23 "," 6,907.42 "," 15,196.33 "," 71,897.00 "," 3,650.00 "
2013,Kwara,Maize," 88,402.80 "," 4,420.14 "," 3,536.11 "," 2,652.08 "," 8,840.28 "," 19,448.61 "," 67,695.00 "," 3,650.00 "
2013,Lagos,Maize," 56,903.63 "," 2,845.18 "," 2,276.15 "," 1,707.11 "," 5,690.36 "," 12,518.80 "," 70,618.00 "," 3,650.00 "
2013,Nasarawa,Maize," 172,722.30 "," 8,636.12 "," 6,908.89 "," 5,181.67 "," 17,272.23 "," 37,998.91 "," 70,221.00 "," 3,650.00 "
2013,Niger,Maize," 78,696.63 "," 3,934.83 "," 3,147.87 "," 2,360.90 "," 7,869.66 "," 17,313.26 "," 73,821.00 "," 3,650.00 "
2013,Ogun,Maize," 63,874.70 "," 3,193.74 "," 2,554.99 "," 1,916.24 "," 6,387.47 "," 14,052.44 "," 79,761.00 "," 3,650.00 "
2013,Ondo,Maize," 116,849.96 "," 5,842.50 "," 4,674.00 "," 3,505.50 "," 11,685.00 "," 25,707.00 "," 71,391.00 "," 3,650.00 "
2013,Osun,Maize," 30,459.70 "," 1,522.98 "," 1,218.39 ", 913.79 ," 3,045.97 "," 6,701.13 "," 76,354.00 "," 3,650.00 "
2013,Oyo,Maize," 812,530.49 "," 40,626.52 "," 32,501.22 "," 24,375.91 "," 81,253.05 "," 178,756.70 "," 76,862.00 "," 3,650.00 "
2013,Plateau,Maize," 666,539.81 "," 33,326.99 "," 26,661.59 "," 19,996.19 "," 66,653.98 "," 146,638.75 "," 75,780.00 "," 3,650.00 "
2013,Rivers,Maize," 214,526.57 "," 10,726.33 "," 8,581.06 "," 6,435.80 "," 21,452.66 "," 47,195.85 "," 71,916.00 "," 3,650.00 "
2013,Sokoto,Maize," 176,523.92 "," 8,826.20 "," 7,060.96 "," 5,295.72 "," 17,652.39 "," 38,835.27 "," 78,954.00 "," 3,650.00 "
2013,Taraba,Maize," 41,909.34 "," 2,095.47 "," 1,676.37 "," 1,257.28 "," 4,190.93 "," 9,220.05 "," 80,527.00 "," 3,650.00 "
2013,Yobe,Maize," 1,206.58 ", 60.33 , 48.26 , 36.20 , 120.66 , 265.45 ," 80,918.00 "," 3,650.00 "
2013,Zamfara,Maize," 183,751.60 "," 9,187.58 "," 7,350.06 "," 5,512.55 "," 18,375.16 "," 40,425.35 "," 73,878.00 "," 3,650.00 "
2013,Abia,Sorghum," 123,237.48 "," 4,929.50 "," 3,697.12 "," 2,464.75 "," 9,859.00 "," 20,950.37 "," 66,761.00 "," 3,390.00 "
2013,Adamawa,Sorghum," 134,028.65 "," 5,361.15 "," 4,020.86 "," 2,680.57 "," 10,722.29 "," 22,784.87 "," 71,868.00 "," 3,390.00 "
2013,Akwa Ibom,Sorghum," 6,889.60 ", 275.58 , 206.69 , 137.79 , 551.17 ," 1,171.23 "," 64,950.00 "," 3,390.00 "
2013,Anambra,Sorghum," 14,010.79 ", 560.43 , 420.32 , 280.22 ," 1,120.86 "," 2,381.83 "," 76,781.00 "," 3,390.00 "
2013,Bauchi,Sorghum," 616,476.69 "," 24,659.07 "," 18,494.30 "," 12,329.53 "," 49,318.14 "," 104,801.04 "," 65,403.00 "," 3,390.00 "
2013,Bayelsa,Sorghum," 1,036.56 ", 41.46 , 31.10 , 20.73 , 82.92 , 176.21 ," 63,257.00 "," 3,390.00 "
2013,Benue,Sorghum," 736,593.41 "," 29,463.74 "," 22,097.80 "," 14,731.87 "," 58,927.47 "," 125,220.88 "," 64,648.00 "," 3,390.00 "
2013,Borno,Sorghum," 668,460.81 "," 26,738.43 "," 20,053.82 "," 13,369.22 "," 53,476.86 "," 113,638.33 "," 66,836.00 "," 3,390.00 "
2013,Cross River,Sorghum," 60,911.91 "," 2,436.48 "," 1,827.36 "," 1,218.24 "," 4,872.95 "," 10,355.03 "," 72,119.00 "," 3,390.00 "
2013,Delta,Sorghum, 601.03 , 24.04 , 18.03 , 12.02 , 48.08 , 102.17 ," 65,889.00 "," 3,390.00 "
2013,Ebonyi,Sorghum," 54,153.08 "," 2,166.12 "," 1,624.59 "," 1,083.06 "," 4,332.25 "," 9,206.02 "," 64,916.00 "," 3,390.00 "
2013,Edo,Sorghum," 61,918.99 "," 2,476.76 "," 1,857.57 "," 1,238.38 "," 4,953.52 "," 10,526.23 "," 75,234.00 "," 3,390.00 "
2013,Ekiti,Sorghum," 134,883.89 "," 5,395.36 "," 4,046.52 "," 2,697.68 "," 10,790.71 "," 22,930.27 "," 71,407.00 "," 3,390.00 "
2013,Enugu,Sorghum," 118,656.01 "," 4,746.24 "," 3,559.68 "," 2,373.12 "," 9,492.48 "," 20,171.52 "," 65,455.00 "," 3,390.00 "
2013,FCT,Sorghum," 169,170.25 "," 6,766.81 "," 5,075.11 "," 3,383.40 "," 13,533.62 "," 28,758.94 "," 68,862.00 "," 3,390.00 "
2013,Gombe,Sorghum," 85,446.85 "," 3,417.87 "," 2,563.41 "," 1,708.94 "," 6,835.75 "," 14,525.97 "," 70,264.00 "," 3,390.00 "
2013,Imo,Sorghum," 20,904.37 ", 836.17 , 627.13 , 418.09 ," 1,672.35 "," 3,553.74 "," 65,327.00 "," 3,390.00 "
2013,Jigawa,Sorghum," 133,695.45 "," 5,347.82 "," 4,010.86 "," 2,673.91 "," 10,695.64 "," 22,728.23 "," 64,159.00 "," 3,390.00 "
2013,Kaduna,Sorghum," 695,659.73 "," 27,826.39 "," 20,869.79 "," 13,913.19 "," 55,652.78 "," 118,262.15 "," 66,434.00 "," 3,390.00 "
2013,Kano,Sorghum," 644,811.24 "," 25,792.45 "," 19,344.34 "," 12,896.22 "," 51,584.90 "," 109,617.91 "," 67,041.00 "," 3,390.00 "
2013,Katsina,Sorghum," 139,118.10 "," 5,564.72 "," 4,173.54 "," 2,782.36 "," 11,129.45 "," 23,650.07 "," 73,066.00 "," 3,390.00 "
2013,Kebbi,Sorghum," 88,574.19 "," 3,542.97 "," 2,657.23 "," 1,771.48 "," 7,085.94 "," 15,057.62 "," 70,929.00 "," 3,390.00 "
2013,Kogi,Sorghum," 95,477.24 "," 3,819.09 "," 2,864.32 "," 1,909.54 "," 7,638.18 "," 16,231.13 "," 72,291.00 "," 3,390.00 "
2013,Kwara,Sorghum," 81,697.33 "," 3,267.89 "," 2,450.92 "," 1,633.95 "," 6,535.79 "," 13,888.55 "," 73,256.00 "," 3,390.00 "
2013,Lagos,Sorghum, 226.06 , 9.04 , 6.78 , 4.52 , 18.08 , 38.42 ," 63,436.00 "," 3,390.00 "
2013,Nasarawa,Sorghum," 19,284.08 ", 771.36 , 578.52 , 385.68 ," 1,542.73 "," 3,278.29 "," 71,331.00 "," 3,390.00 "
2013,Niger,Sorghum," 5,496.20 ", 219.85 , 164.89 , 109.92 , 439.70 , 934.36 ," 69,949.00 "," 3,390.00 "
2013,Ogun,Sorghum," 117,647.94 "," 4,705.92 "," 3,529.44 "," 2,352.96 "," 9,411.84 "," 20,000.16 "," 67,679.00 "," 3,390.00 "
2013,Ondo,Sorghum," 59,114.25 "," 2,364.57 "," 1,773.43 "," 1,182.29 "," 4,729.14 "," 10,049.43 "," 64,492.00 "," 3,390.00 "
2013,Osun,Sorghum," 89,157.49 "," 3,566.30 "," 2,674.72 "," 1,783.15 "," 7,132.60 "," 15,156.77 "," 73,194.00 "," 3,390.00 "
2013,Oyo,Sorghum," 166,090.22 "," 6,643.61 "," 4,982.71 "," 3,321.80 "," 13,287.22 "," 28,235.34 "," 72,637.00 "," 3,390.00 "
2013,Plateau,Sorghum," 45,345.12 "," 1,813.80 "," 1,360.35 ", 906.90 ," 3,627.61 "," 7,708.66 "," 66,449.00 "," 3,390.00 "
2013,Rivers,Sorghum," 3,876.70 ", 155.07 , 116.30 , 77.53 , 310.14 , 659.04 ," 74,191.00 "," 3,390.00 "
2013,Sokoto,Sorghum," 700,986.16 "," 28,039.45 "," 21,029.58 "," 14,019.72 "," 56,078.89 "," 119,167.64 "," 66,810.00 "," 3,390.00 "
2013,Taraba,Sorghum," 42,268.33 "," 1,690.73 "," 1,268.05 ", 845.37 ," 3,381.47 "," 7,185.62 "," 68,053.00 "," 3,390.00 "
2013,Yobe,Sorghum," 13,518.52 ", 540.74 , 405.56 , 270.37 ," 1,081.48 "," 2,298.15 "," 75,842.00 "," 3,390.00 "
2013,Zamfara,Sorghum," 580,441.20 "," 23,217.65 "," 17,413.24 "," 11,608.82 "," 46,435.30 "," 98,675.01 "," 76,303.00 "," 3,390.00 "
2014,Abia,Rice," 64,847.77 "," 2,593.91 "," 1,945.43 "," 1,296.96 "," 3,890.87 "," 9,727.17 "," 142,428.00 "," 3,650.00 "
2014,Adamawa,Rice," 166,193.48 "," 6,647.74 "," 4,985.80 "," 3,323.87 "," 9,971.61 "," 24,929.02 "," 163,337.00 "," 3,650.00 "
2014,Akwa Ibom,Rice," 130,384.39 "," 5,215.38 "," 3,911.53 "," 2,607.69 "," 7,823.06 "," 19,557.66 "," 161,319.00 "," 3,650.00 "
2014,Anambra,Rice," 105,869.01 "," 4,234.76 "," 3,176.07 "," 2,117.38 "," 6,352.14 "," 15,880.35 "," 157,845.00 "," 3,650.00 "
2014,Bauchi,Rice," 28,108.08 "," 1,124.32 ", 843.24 , 562.16 ," 1,686.48 "," 4,216.20 "," 144,389.00 "," 3,650.00 "
2014,Bayelsa,Rice," 27,126.76 "," 1,085.07 ", 813.80 , 542.54 ," 1,627.61 "," 4,069.02 "," 143,524.00 "," 3,650.00 "
2014,Benue,Rice," 558,311.16 "," 22,332.45 "," 16,749.33 "," 11,166.22 "," 33,498.67 "," 83,746.67 "," 165,499.00 "," 3,650.00 "
2014,Borno,Rice," 143,838.96 "," 5,753.56 "," 4,315.17 "," 2,876.78 "," 8,630.34 "," 21,575.85 "," 158,249.00 "," 3,650.00 "
2014,Cross River,Rice," 109,091.77 "," 4,363.67 "," 3,272.75 "," 2,181.84 "," 6,545.51 "," 16,363.77 "," 142,289.00 "," 3,650.00 "
2014,Delta,Rice," 124,098.53 "," 4,963.94 "," 3,722.96 "," 2,481.97 "," 7,445.91 "," 18,614.78 "," 164,630.00 "," 3,650.00 "
2014,Ebonyi,Rice," 501,316.15 "," 20,052.65 "," 15,039.48 "," 10,026.32 "," 30,078.97 "," 75,197.42 "," 158,001.00 "," 3,650.00 "
2014,Edo,Rice," 165,419.98 "," 6,616.80 "," 4,962.60 "," 3,308.40 "," 9,925.20 "," 24,813.00 "," 164,901.00 "," 3,650.00 "
2014,Ekiti,Rice," 151,737.50 "," 6,069.50 "," 4,552.12 "," 3,034.75 "," 9,104.25 "," 22,760.62 "," 165,505.00 "," 3,650.00 "
2014,Enugu,Rice," 36,868.61 "," 1,474.74 "," 1,106.06 ", 737.37 ," 2,212.12 "," 5,530.29 "," 163,006.00 "," 3,650.00 "
2014,FCT,Rice," 32,742.60 "," 1,309.70 ", 982.28 , 654.85 ," 1,964.56 "," 4,911.39 "," 146,500.00 "," 3,650.00 "
2014,Gombe,Rice," 32,977.12 "," 1,319.08 ", 989.31 , 659.54 ," 1,978.63 "," 4,946.56 "," 137,925.00 "," 3,650.00 "
2014,Imo,Rice," 53,472.25 "," 2,138.89 "," 1,604.17 "," 1,069.44 "," 3,208.34 "," 8,020.84 "," 143,792.00 "," 3,650.00 "
2014,Jigawa,Rice," 590,306.82 "," 23,612.27 "," 17,709.20 "," 11,806.14 "," 35,418.41 "," 88,546.02 "," 139,139.00 "," 3,650.00 "
2014,Kaduna,Rice," 76,668.79 "," 3,066.75 "," 2,300.06 "," 1,533.38 "," 4,600.13 "," 11,500.32 "," 147,132.00 "," 3,650.00 "
2014,Kano,Rice," 585,813.74 "," 23,432.55 "," 17,574.41 "," 11,716.27 "," 35,148.82 "," 87,872.05 "," 138,786.00 "," 3,650.00 "
2014,Katsina,Rice," 104,543.78 "," 4,181.75 "," 3,136.31 "," 2,090.88 "," 6,272.63 "," 15,681.57 "," 153,200.00 "," 3,650.00 "
2014,Kebbi,Rice," 562,410.68 "," 22,496.43 "," 16,872.32 "," 11,248.21 "," 33,744.64 "," 84,361.60 "," 146,490.00 "," 3,650.00 "
2014,Kogi,Rice," 51,496.68 "," 2,059.87 "," 1,544.90 "," 1,029.93 "," 3,089.80 "," 7,724.50 "," 163,733.00 "," 3,650.00 "
2014,Kwara,Rice," 64,515.08 "," 2,580.60 "," 1,935.45 "," 1,290.30 "," 3,870.90 "," 9,677.25 "," 143,881.00 "," 3,650.00 "
2014,Lagos,Rice," 75,616.61 "," 3,024.66 "," 2,268.50 "," 1,512.33 "," 4,537.00 "," 11,342.49 "," 163,251.00 "," 3,650.00 "
2014,Nasarawa,Rice," 130,139.72 "," 5,205.59 "," 3,904.19 "," 2,602.79 "," 7,808.38 "," 19,520.95 "," 163,390.00 "," 3,650.00 "
2014,Niger,Rice," 558,609.91 "," 22,344.40 "," 16,758.30 "," 11,172.20 "," 33,516.59 "," 83,791.49 "," 165,347.00 "," 3,650.00 "
2014,Ogun,Rice," 92,192.40 "," 3,687.70 "," 2,765.77 "," 1,843.85 "," 5,531.54 "," 13,828.86 "," 167,137.00 "," 3,650.00 "
2014,Ondo,Rice," 101,587.76 "," 4,063.51 "," 3,047.63 "," 2,031.76 "," 6,095.27 "," 15,238.17 "," 160,122.00 "," 3,650.00 "
2014,Osun,Rice," 8,006.77 ", 320.27 , 240.20 , 160.14 , 480.41 ," 1,201.02 "," 151,388.00 "," 3,650.00 "
2014,Oyo,Rice," 107,109.71 "," 4,284.39 "," 3,213.29 "," 2,142.19 "," 6,426.58 "," 16,066.45 "," 163,359.00 "," 3,650.00 "
2014,Plateau,Rice," 31,121.77 "," 1,244.87 ", 933.65 , 622.44 ," 1,867.31 "," 4,668.27 "," 160,155.00 "," 3,650.00 "
2014,Rivers,Rice," 11,231.04 ", 449.24 , 336.93 , 224.62 , 673.86 ," 1,684.65 "," 149,609.00 "," 3,650.00 "
2014,Sokoto,Rice," 169,106.09 "," 6,764.24 "," 5,073.18 "," 3,382.12 "," 10,146.37 "," 25,365.91 "," 144,058.00 "," 3,650.00 "
2014,Taraba,Rice," 663,445.50 "," 26,537.82 "," 19,903.36 "," 13,268.91 "," 39,806.73 "," 99,516.82 "," 147,580.00 "," 3,650.00 "
2014,Yobe,Rice," 137,731.44 "," 5,509.26 "," 4,131.94 "," 2,754.63 "," 8,263.89 "," 20,659.72 "," 145,807.00 "," 3,650.00 "
2014,Zamfara,Rice," 51,614.46 "," 2,064.58 "," 1,548.43 "," 1,032.29 "," 3,096.87 "," 7,742.17 "," 138,079.00 "," 3,650.00 "
2014,Abia,Maize," 24,395.87 "," 1,219.79 ", 975.83 , 731.88 ," 2,439.59 "," 5,367.09 "," 87,803.00 "," 3,650.00 "
2014,Adamawa,Maize," 178,263.21 "," 8,913.16 "," 7,130.53 "," 5,347.90 "," 17,826.32 "," 39,217.91 "," 78,149.00 "," 3,650.00 "
2014,Akwa Ibom,Maize," 117,582.25 "," 5,879.11 "," 4,703.29 "," 3,527.47 "," 11,758.22 "," 25,868.09 "," 75,492.00 "," 3,650.00 "
2014,Anambra,Maize," 33,466.97 "," 1,673.35 "," 1,338.68 "," 1,004.01 "," 3,346.70 "," 7,362.74 "," 84,581.00 "," 3,650.00 "
2014,Bauchi,Maize," 879,563.00 "," 43,978.15 "," 35,182.52 "," 26,386.89 "," 87,956.30 "," 193,503.86 "," 78,681.00 "," 3,650.00 "
2014,Bayelsa,Maize," 9,366.55 ", 468.33 , 374.66 , 281.00 , 936.66 ," 2,060.65 "," 87,115.00 "," 3,650.00 "
2014,Benue,Maize," 237,850.87 "," 11,892.54 "," 9,514.03 "," 7,135.53 "," 23,785.09 "," 52,327.19 "," 81,814.00 "," 3,650.00 "
2014,Borno,Maize," 65,649.25 "," 3,282.46 "," 2,625.97 "," 1,969.48 "," 6,564.92 "," 14,442.83 "," 87,858.00 "," 3,650.00 "
2014,Cross River,Maize," 169,197.44 "," 8,459.87 "," 6,767.90 "," 5,075.92 "," 16,919.74 "," 37,223.43 "," 87,083.00 "," 3,650.00 "
2014,Delta,Maize," 83,025.02 "," 4,151.25 "," 3,321.00 "," 2,490.75 "," 8,302.50 "," 18,265.50 "," 81,723.00 "," 3,650.00 "
2014,Ebonyi,Maize," 136,652.23 "," 6,832.61 "," 5,466.09 "," 4,099.57 "," 13,665.22 "," 30,063.49 "," 75,690.00 "," 3,650.00 "
2014,Edo,Maize," 138,829.79 "," 6,941.49 "," 5,553.19 "," 4,164.89 "," 13,882.98 "," 30,542.55 "," 75,527.00 "," 3,650.00 "
2014,Ekiti,Maize," 46,989.40 "," 2,349.47 "," 1,879.58 "," 1,409.68 "," 4,698.94 "," 10,337.67 "," 84,473.00 "," 3,650.00 "
2014,Enugu,Maize," 250,630.16 "," 12,531.51 "," 10,025.21 "," 7,518.90 "," 25,063.02 "," 55,138.64 "," 72,925.00 "," 3,650.00 "
2014,FCT,Maize," 212,956.76 "," 10,647.84 "," 8,518.27 "," 6,388.70 "," 21,295.68 "," 46,850.49 "," 86,140.00 "," 3,650.00 "
2014,Gombe,Maize," 1,078,046.64 "," 53,902.33 "," 43,121.87 "," 32,341.40 "," 107,804.66 "," 237,170.26 "," 87,918.00 "," 3,650.00 "
2014,Imo,Maize," 227,167.65 "," 11,358.38 "," 9,086.71 "," 6,815.03 "," 22,716.76 "," 49,976.88 "," 78,339.00 "," 3,650.00 "
2014,Jigawa,Maize," 160,956.01 "," 8,047.80 "," 6,438.24 "," 4,828.68 "," 16,095.60 "," 35,410.32 "," 83,136.00 "," 3,650.00 "
2014,Kaduna,Maize," 993,578.37 "," 49,678.92 "," 39,743.13 "," 29,807.35 "," 99,357.84 "," 218,587.24 "," 85,053.00 "," 3,650.00 "
2014,Kano,Maize," 788,164.80 "," 39,408.24 "," 31,526.59 "," 23,644.94 "," 78,816.48 "," 173,396.25 "," 75,581.00 "," 3,650.00 "
2014,Katsina,Maize," 841,808.13 "," 42,090.41 "," 33,672.33 "," 25,254.24 "," 84,180.81 "," 185,197.79 "," 81,487.00 "," 3,650.00 "
2014,Kebbi,Maize," 11,963.84 ", 598.19 , 478.55 , 358.92 ," 1,196.38 "," 2,632.04 "," 73,463.00 "," 3,650.00 "
2014,Kogi,Maize," 88,597.51 "," 4,429.88 "," 3,543.90 "," 2,657.93 "," 8,859.75 "," 19,491.46 "," 76,249.00 "," 3,650.00 "
2014,Kwara,Maize," 98,219.89 "," 4,910.99 "," 3,928.80 "," 2,946.60 "," 9,821.99 "," 21,608.38 "," 86,219.00 "," 3,650.00 "
2014,Lagos,Maize," 74,453.52 "," 3,722.68 "," 2,978.14 "," 2,233.61 "," 7,445.35 "," 16,379.78 "," 85,794.00 "," 3,650.00 "
2014,Nasarawa,Maize," 224,213.18 "," 11,210.66 "," 8,968.53 "," 6,726.40 "," 22,421.32 "," 49,326.91 "," 82,483.00 "," 3,650.00 "
2014,Niger,Maize," 94,097.26 "," 4,704.86 "," 3,763.89 "," 2,822.92 "," 9,409.73 "," 20,701.40 "," 73,391.00 "," 3,650.00 "
2014,Ogun,Maize," 73,049.43 "," 3,652.47 "," 2,921.98 "," 2,191.48 "," 7,304.94 "," 16,070.87 "," 77,963.00 "," 3,650.00 "
2014,Ondo,Maize," 138,995.71 "," 6,949.79 "," 5,559.83 "," 4,169.87 "," 13,899.57 "," 30,579.06 "," 83,574.00 "," 3,650.00 "
2014,Osun,Maize," 36,966.84 "," 1,848.34 "," 1,478.67 "," 1,109.01 "," 3,696.68 "," 8,132.70 "," 73,296.00 "," 3,650.00 "
2014,Oyo,Maize," 969,873.11 "," 48,493.66 "," 38,794.92 "," 29,096.19 "," 96,987.31 "," 213,372.08 "," 82,932.00 "," 3,650.00 "
2014,Plateau,Maize," 772,640.69 "," 38,632.03 "," 30,905.63 "," 23,179.22 "," 77,264.07 "," 169,980.95 "," 85,619.00 "," 3,650.00 "
2014,Rivers,Maize," 258,858.49 "," 12,942.92 "," 10,354.34 "," 7,765.75 "," 25,885.85 "," 56,948.86 "," 79,689.00 "," 3,650.00 "
2014,Sokoto,Maize," 204,529.34 "," 10,226.47 "," 8,181.17 "," 6,135.88 "," 20,452.93 "," 44,996.45 "," 85,194.00 "," 3,650.00 "
2014,Taraba,Maize," 51,354.40 "," 2,567.72 "," 2,054.18 "," 1,540.63 "," 5,135.44 "," 11,297.97 "," 82,848.00 "," 3,650.00 "
2014,Yobe,Maize," 1,458.67 ", 72.93 , 58.35 , 43.76 , 145.87 , 320.91 ," 76,272.00 "," 3,650.00 "
2014,Zamfara,Maize," 222,100.38 "," 11,105.02 "," 8,884.02 "," 6,663.01 "," 22,210.04 "," 48,862.09 "," 84,758.00 "," 3,650.00 "
2014,Abia,Sorghum," 132,449.32 "," 5,297.97 "," 3,973.48 "," 2,648.99 "," 10,595.95 "," 22,516.39 "," 80,258.00 "," 3,390.00 "
2014,Adamawa,Sorghum," 139,407.99 "," 5,576.32 "," 4,182.24 "," 2,788.16 "," 11,152.64 "," 23,699.36 "," 78,125.00 "," 3,390.00 "
2014,Akwa Ibom,Sorghum," 7,352.96 ", 294.12 , 220.59 , 147.06 , 588.24 ," 1,250.01 "," 77,962.00 "," 3,390.00 "
2014,Anambra,Sorghum," 13,903.94 ", 556.16 , 417.12 , 278.08 ," 1,112.32 "," 2,363.68 "," 76,779.00 "," 3,390.00 "
2014,Bauchi,Sorghum," 635,141.23 "," 25,405.65 "," 19,054.24 "," 12,702.82 "," 50,811.30 "," 107,974.01 "," 69,879.00 "," 3,390.00 "
2014,Bayelsa,Sorghum," 1,109.33 ", 44.37 , 33.28 , 22.19 , 88.75 , 188.59 ," 80,577.00 "," 3,390.00 "
2014,Benue,Sorghum," 679,024.37 "," 27,160.97 "," 20,370.73 "," 13,580.49 "," 54,321.95 "," 115,434.14 "," 79,887.00 "," 3,390.00 "
2014,Borno,Sorghum," 643,531.51 "," 25,741.26 "," 19,305.95 "," 12,870.63 "," 51,482.52 "," 109,400.36 "," 72,526.00 "," 3,390.00 "
2014,Cross River,Sorghum," 62,522.07 "," 2,500.88 "," 1,875.66 "," 1,250.44 "," 5,001.77 "," 10,628.75 "," 69,911.00 "," 3,390.00 "
2014,Delta,Sorghum, 604.82 , 24.19 , 18.14 , 12.10 , 48.39 , 102.82 ," 79,982.00 "," 3,390.00 "
2014,Ebonyi,Sorghum," 57,405.08 "," 2,296.20 "," 1,722.15 "," 1,148.10 "," 4,592.41 "," 9,758.86 "," 67,595.00 "," 3,390.00 "
2014,Edo,Sorghum," 58,704.31 "," 2,348.17 "," 1,761.13 "," 1,174.09 "," 4,696.34 "," 9,979.73 "," 76,753.00 "," 3,390.00 "
2014,Ekiti,Sorghum," 141,055.29 "," 5,642.21 "," 4,231.66 "," 2,821.11 "," 11,284.42 "," 23,979.40 "," 76,977.00 "," 3,390.00 "
2014,Enugu,Sorghum," 114,775.94 "," 4,591.04 "," 3,443.28 "," 2,295.52 "," 9,182.08 "," 19,511.92 "," 77,010.00 "," 3,390.00 "
2014,FCT,Sorghum," 164,305.19 "," 6,572.21 "," 4,929.16 "," 3,286.10 "," 13,144.42 "," 27,931.89 "," 79,197.00 "," 3,390.00 "
2014,Gombe,Sorghum," 83,679.11 "," 3,347.16 "," 2,510.37 "," 1,673.58 "," 6,694.33 "," 14,225.44 "," 78,915.00 "," 3,390.00 "
2014,Imo,Sorghum," 22,150.79 ", 886.03 , 664.52 , 443.02 ," 1,772.06 "," 3,765.63 "," 81,944.00 "," 3,390.00 "
2014,Jigawa,Sorghum," 129,481.21 "," 5,179.25 "," 3,884.44 "," 2,589.62 "," 10,358.50 "," 22,011.81 "," 76,989.00 "," 3,390.00 "
2014,Kaduna,Sorghum," 723,665.20 "," 28,946.61 "," 21,709.96 "," 14,473.30 "," 57,893.22 "," 123,023.09 "," 69,037.00 "," 3,390.00 "
2014,Kano,Sorghum," 685,616.72 "," 27,424.67 "," 20,568.50 "," 13,712.33 "," 54,849.34 "," 116,554.84 "," 77,818.00 "," 3,390.00 "
2014,Katsina,Sorghum," 136,063.02 "," 5,442.52 "," 4,081.89 "," 2,721.26 "," 10,885.04 "," 23,130.71 "," 72,014.00 "," 3,390.00 "
2014,Kebbi,Sorghum," 92,979.16 "," 3,719.17 "," 2,789.37 "," 1,859.58 "," 7,438.33 "," 15,806.45 "," 68,510.00 "," 3,390.00 "
2014,Kogi,Sorghum," 97,212.98 "," 3,888.52 "," 2,916.39 "," 1,944.26 "," 7,777.04 "," 16,526.21 "," 72,688.00 "," 3,390.00 "
2014,Kwara,Sorghum," 79,815.64 "," 3,192.63 "," 2,394.47 "," 1,596.31 "," 6,385.25 "," 13,568.66 "," 68,186.00 "," 3,390.00 "
2014,Lagos,Sorghum, 243.14 , 9.73 , 7.29 , 4.86 , 19.45 , 41.33 ," 82,102.00 "," 3,390.00 "
2014,Nasarawa,Sorghum," 20,834.23 ", 833.37 , 625.03 , 416.68 ," 1,666.74 "," 3,541.82 "," 78,744.00 "," 3,390.00 "
2014,Niger,Sorghum," 5,582.82 ", 223.31 , 167.48 , 111.66 , 446.63 , 949.08 ," 78,873.00 "," 3,390.00 "
2014,Ogun,Sorghum," 111,808.25 "," 4,472.33 "," 3,354.25 "," 2,236.16 "," 8,944.66 "," 19,007.40 "," 67,831.00 "," 3,390.00 "
2014,Ondo,Sorghum," 56,961.74 "," 2,278.47 "," 1,708.85 "," 1,139.23 "," 4,556.94 "," 9,683.49 "," 74,829.00 "," 3,390.00 "
2014,Osun,Sorghum," 96,345.06 "," 3,853.80 "," 2,890.35 "," 1,926.90 "," 7,707.60 "," 16,378.65 "," 77,749.00 "," 3,390.00 "
2014,Oyo,Sorghum," 166,499.56 "," 6,659.98 "," 4,994.99 "," 3,329.99 "," 13,319.96 "," 28,304.92 "," 71,604.00 "," 3,390.00 "
2014,Plateau,Sorghum," 48,269.14 "," 1,930.77 "," 1,448.07 ", 965.38 ," 3,861.53 "," 8,205.75 "," 73,892.00 "," 3,390.00 "
2014,Rivers,Sorghum," 3,766.46 ", 150.66 , 112.99 , 75.33 , 301.32 , 640.30 ," 69,954.00 "," 3,390.00 "
2014,Sokoto,Sorghum," 713,152.53 "," 28,526.10 "," 21,394.58 "," 14,263.05 "," 57,052.20 "," 121,235.93 "," 77,905.00 "," 3,390.00 "
2014,Taraba,Sorghum," 41,024.53 "," 1,640.98 "," 1,230.74 ", 820.49 ," 3,281.96 "," 6,974.17 "," 68,735.00 "," 3,390.00 "
2014,Yobe,Sorghum," 14,455.63 ", 578.23 , 433.67 , 289.11 ," 1,156.45 "," 2,457.46 "," 77,317.00 "," 3,390.00 "
2014,Zamfara,Sorghum," 593,052.24 "," 23,722.09 "," 17,791.57 "," 11,861.04 "," 47,444.18 "," 100,818.88 "," 81,762.00 "," 3,390.00 "
2015,Abia,Rice," 68,342.71 "," 2,733.71 "," 2,050.28 "," 1,366.85 "," 4,100.56 "," 10,251.40 "," 157,834.00 "," 3,650.00 "
2015,Adamawa,Rice," 187,724.02 "," 7,508.96 "," 5,631.72 "," 3,754.48 "," 11,263.44 "," 28,158.60 "," 157,431.00 "," 3,650.00 "
2015,Akwa Ibom,Rice," 140,314.07 "," 5,612.56 "," 4,209.42 "," 2,806.28 "," 8,418.84 "," 21,047.10 "," 156,723.00 "," 3,650.00 "
2015,Anambra,Rice," 110,631.80 "," 4,425.27 "," 3,318.95 "," 2,212.64 "," 6,637.91 "," 16,594.77 "," 175,487.00 "," 3,650.00 "
2015,Bauchi,Rice," 29,230.74 "," 1,169.23 ", 876.92 , 584.61 ," 1,753.84 "," 4,384.60 "," 172,611.00 "," 3,650.00 "
2015,Bayelsa,Rice," 28,697.17 "," 1,147.89 ", 860.92 , 573.94 ," 1,721.83 "," 4,304.58 "," 150,819.00 "," 3,650.00 "
2015,Benue,Rice," 551,077.73 "," 22,043.11 "," 16,532.33 "," 11,021.55 "," 33,064.66 "," 82,661.65 "," 164,853.00 "," 3,650.00 "
2015,Borno,Rice," 161,613.43 "," 6,464.54 "," 4,848.40 "," 3,232.27 "," 9,696.81 "," 24,242.02 "," 171,659.00 "," 3,650.00 "
2015,Cross River,Rice," 113,347.37 "," 4,533.89 "," 3,400.42 "," 2,266.95 "," 6,800.84 "," 17,002.10 "," 174,982.00 "," 3,650.00 "
2015,Delta,Rice," 129,664.14 "," 5,186.57 "," 3,889.92 "," 2,593.28 "," 7,779.85 "," 19,449.62 "," 171,795.00 "," 3,650.00 "
2015,Ebonyi,Rice," 586,893.41 "," 23,475.74 "," 17,606.80 "," 11,737.87 "," 35,213.60 "," 88,034.01 "," 168,669.00 "," 3,650.00 "
2015,Edo,Rice," 189,701.90 "," 7,588.08 "," 5,691.06 "," 3,794.04 "," 11,382.11 "," 28,455.29 "," 168,352.00 "," 3,650.00 "
2015,Ekiti,Rice," 159,375.15 "," 6,375.01 "," 4,781.25 "," 3,187.50 "," 9,562.51 "," 23,906.27 "," 148,199.00 "," 3,650.00 "
2015,Enugu,Rice," 38,269.86 "," 1,530.79 "," 1,148.10 ", 765.40 ," 2,296.19 "," 5,740.48 "," 173,467.00 "," 3,650.00 "
2015,FCT,Rice," 34,778.37 "," 1,391.13 "," 1,043.35 ", 695.57 ," 2,086.70 "," 5,216.75 "," 169,489.00 "," 3,650.00 "
2015,Gombe,Rice," 34,611.92 "," 1,384.48 "," 1,038.36 ", 692.24 ," 2,076.72 "," 5,191.80 "," 147,753.00 "," 3,650.00 "
2015,Imo,Rice," 55,366.56 "," 2,214.66 "," 1,661.00 "," 1,107.33 "," 3,321.99 "," 8,304.98 "," 165,938.00 "," 3,650.00 "
2015,Jigawa,Rice," 661,775.47 "," 26,471.02 "," 19,853.26 "," 13,235.51 "," 39,706.53 "," 99,266.32 "," 150,416.00 "," 3,650.00 "
2015,Kaduna,Rice," 81,598.50 "," 3,263.94 "," 2,447.96 "," 1,631.97 "," 4,895.91 "," 12,239.78 "," 146,054.00 "," 3,650.00 "
2015,Kano,Rice," 627,368.21 "," 25,094.73 "," 18,821.05 "," 12,547.36 "," 37,642.09 "," 94,105.23 "," 152,607.00 "," 3,650.00 "
2015,Katsina,Rice," 119,124.27 "," 4,764.97 "," 3,573.73 "," 2,382.49 "," 7,147.46 "," 17,868.65 "," 153,931.00 "," 3,650.00 "
2015,Kebbi,Rice," 590,921.01 "," 23,636.84 "," 17,727.63 "," 11,818.42 "," 35,455.26 "," 88,638.15 "," 144,371.00 "," 3,650.00 "
2015,Kogi,Rice," 52,873.72 "," 2,114.95 "," 1,586.21 "," 1,057.47 "," 3,172.42 "," 7,931.05 "," 156,559.00 "," 3,650.00 "
2015,Kwara,Rice," 69,128.49 "," 2,765.14 "," 2,073.85 "," 1,382.57 "," 4,147.71 "," 10,369.27 "," 163,200.00 "," 3,650.00 "
2015,Lagos,Rice," 84,431.96 "," 3,377.28 "," 2,532.96 "," 1,688.64 "," 5,065.92 "," 12,664.80 "," 166,239.00 "," 3,650.00 "
2015,Nasarawa,Rice," 153,798.04 "," 6,151.92 "," 4,613.94 "," 3,075.96 "," 9,227.88 "," 23,069.70 "," 168,955.00 "," 3,650.00 "
2015,Niger,Rice," 577,106.08 "," 23,084.24 "," 17,313.18 "," 11,542.12 "," 34,626.36 "," 86,565.90 "," 159,376.00 "," 3,650.00 "
2015,Ogun,Rice," 93,384.39 "," 3,735.38 "," 2,801.53 "," 1,867.69 "," 5,603.06 "," 14,007.66 "," 151,745.00 "," 3,650.00 "
2015,Ondo,Rice," 117,457.82 "," 4,698.31 "," 3,523.73 "," 2,349.16 "," 7,047.47 "," 17,618.67 "," 148,559.00 "," 3,650.00 "
2015,Osun,Rice," 8,781.33 ", 351.25 , 263.44 , 175.63 , 526.88 ," 1,317.20 "," 163,780.00 "," 3,650.00 "
2015,Oyo,Rice," 117,193.19 "," 4,687.73 "," 3,515.80 "," 2,343.86 "," 7,031.59 "," 17,578.98 "," 161,908.00 "," 3,650.00 "
2015,Plateau,Rice," 30,660.19 "," 1,226.41 ", 919.81 , 613.20 ," 1,839.61 "," 4,599.03 "," 154,446.00 "," 3,650.00 "
2015,Rivers,Rice," 12,320.98 ", 492.84 , 369.63 , 246.42 , 739.26 ," 1,848.15 "," 146,811.00 "," 3,650.00 "
2015,Sokoto,Rice," 176,724.44 "," 7,068.98 "," 5,301.73 "," 3,534.49 "," 10,603.47 "," 26,508.67 "," 145,062.00 "," 3,650.00 "
2015,Taraba,Rice," 718,178.50 "," 28,727.14 "," 21,545.36 "," 14,363.57 "," 43,090.71 "," 107,726.78 "," 156,701.00 "," 3,650.00 "
2015,Yobe,Rice," 147,228.72 "," 5,889.15 "," 4,416.86 "," 2,944.57 "," 8,833.72 "," 22,084.30 "," 162,161.00 "," 3,650.00 "
2015,Zamfara,Rice," 58,684.02 "," 2,347.36 "," 1,760.52 "," 1,173.68 "," 3,521.04 "," 8,802.60 "," 169,618.00 "," 3,650.00 "
2015,Abia,Maize," 26,093.92 "," 1,304.70 "," 1,043.76 ", 782.82 ," 2,609.39 "," 5,740.67 "," 79,347.00 "," 3,650.00 "
2015,Adamawa,Maize," 180,997.35 "," 9,049.87 "," 7,239.89 "," 5,429.92 "," 18,099.74 "," 39,819.42 "," 87,319.00 "," 3,650.00 "
2015,Akwa Ibom,Maize," 123,728.38 "," 6,186.42 "," 4,949.14 "," 3,711.85 "," 12,372.84 "," 27,220.25 "," 77,036.00 "," 3,650.00 "
2015,Anambra,Maize," 35,077.54 "," 1,753.88 "," 1,403.10 "," 1,052.33 "," 3,507.75 "," 7,717.06 "," 77,383.00 "," 3,650.00 "
2015,Bauchi,Maize," 966,605.57 "," 48,330.28 "," 38,664.22 "," 28,998.17 "," 96,660.56 "," 212,653.23 "," 88,554.00 "," 3,650.00 "
2015,Bayelsa,Maize," 9,822.53 ", 491.13 , 392.90 , 294.68 , 982.25 ," 2,160.96 "," 88,639.00 "," 3,650.00 "
2015,Benue,Maize," 257,998.61 "," 12,899.93 "," 10,319.94 "," 7,739.96 "," 25,799.86 "," 56,759.69 "," 82,270.00 "," 3,650.00 "
2015,Borno,Maize," 73,516.17 "," 3,675.81 "," 2,940.65 "," 2,205.49 "," 7,351.62 "," 16,173.57 "," 77,861.00 "," 3,650.00 "
2015,Cross River,Maize," 189,673.94 "," 9,483.70 "," 7,586.96 "," 5,690.22 "," 18,967.39 "," 41,728.27 "," 85,809.00 "," 3,650.00 "
2015,Delta,Maize," 88,574.47 "," 4,428.72 "," 3,542.98 "," 2,657.23 "," 8,857.45 "," 19,486.38 "," 84,189.00 "," 3,650.00 "
2015,Ebonyi,Maize," 145,291.98 "," 7,264.60 "," 5,811.68 "," 4,358.76 "," 14,529.20 "," 31,964.24 "," 85,448.00 "," 3,650.00 "
2015,Edo,Maize," 154,060.28 "," 7,703.01 "," 6,162.41 "," 4,621.81 "," 15,406.03 "," 33,893.26 "," 77,887.00 "," 3,650.00 "
2015,Ekiti,Maize," 48,673.68 "," 2,433.68 "," 1,946.95 "," 1,460.21 "," 4,867.37 "," 10,708.21 "," 80,700.00 "," 3,650.00 "
2015,Enugu,Maize," 257,948.33 "," 12,897.42 "," 10,317.93 "," 7,738.45 "," 25,794.83 "," 56,748.63 "," 91,320.00 "," 3,650.00 "
2015,FCT,Maize," 207,490.21 "," 10,374.51 "," 8,299.61 "," 6,224.71 "," 20,749.02 "," 45,647.85 "," 93,089.00 "," 3,650.00 "
2015,Gombe,Maize," 1,067,307.12 "," 53,365.36 "," 42,692.28 "," 32,019.21 "," 106,730.71 "," 234,807.56 "," 79,596.00 "," 3,650.00 "
2015,Imo,Maize," 253,590.07 "," 12,679.50 "," 10,143.60 "," 7,607.70 "," 25,359.01 "," 55,789.81 "," 87,698.00 "," 3,650.00 "
2015,Jigawa,Maize," 164,641.96 "," 8,232.10 "," 6,585.68 "," 4,939.26 "," 16,464.20 "," 36,221.24 "," 85,941.00 "," 3,650.00 "
2015,Kaduna,Maize," 1,103,826.93 "," 55,191.35 "," 44,153.08 "," 33,114.81 "," 110,382.69 "," 242,841.93 "," 80,383.00 "," 3,650.00 "
2015,Kano,Maize," 892,841.85 "," 44,642.09 "," 35,713.67 "," 26,785.26 "," 89,284.18 "," 196,425.20 "," 93,071.00 "," 3,650.00 "
2015,Katsina,Maize," 893,459.28 "," 44,672.96 "," 35,738.37 "," 26,803.78 "," 89,345.93 "," 196,561.04 "," 79,892.00 "," 3,650.00 "
2015,Kebbi,Maize," 12,680.85 ", 634.04 , 507.23 , 380.43 ," 1,268.08 "," 2,789.78 "," 77,727.00 "," 3,650.00 "
2015,Kogi,Maize," 85,396.00 "," 4,269.80 "," 3,415.84 "," 2,561.88 "," 8,539.60 "," 18,787.12 "," 80,880.00 "," 3,650.00 "
2015,Kwara,Maize," 106,648.12 "," 5,332.41 "," 4,265.92 "," 3,199.44 "," 10,664.81 "," 23,462.58 "," 91,260.00 "," 3,650.00 "
2015,Lagos,Maize," 76,431.79 "," 3,821.59 "," 3,057.27 "," 2,292.95 "," 7,643.18 "," 16,814.99 "," 89,126.00 "," 3,650.00 "
2015,Nasarawa,Maize," 226,547.59 "," 11,327.38 "," 9,061.90 "," 6,796.43 "," 22,654.76 "," 49,840.47 "," 82,380.00 "," 3,650.00 "
2015,Niger,Maize," 96,988.72 "," 4,849.44 "," 3,879.55 "," 2,909.66 "," 9,698.87 "," 21,337.52 "," 93,290.00 "," 3,650.00 "
2015,Ogun,Maize," 73,815.71 "," 3,690.79 "," 2,952.63 "," 2,214.47 "," 7,381.57 "," 16,239.46 "," 91,239.00 "," 3,650.00 "
2015,Ondo,Maize," 150,643.53 "," 7,532.18 "," 6,025.74 "," 4,519.31 "," 15,064.35 "," 33,141.58 "," 83,956.00 "," 3,650.00 "
2015,Osun,Maize," 39,687.18 "," 1,984.36 "," 1,587.49 "," 1,190.62 "," 3,968.72 "," 8,731.19 "," 84,773.00 "," 3,650.00 "
2015,Oyo,Maize," 1,086,293.19 "," 54,314.66 "," 43,451.73 "," 32,588.80 "," 108,629.32 "," 238,984.51 "," 91,811.00 "," 3,650.00 "
2015,Plateau,Maize," 840,154.20 "," 42,007.71 "," 33,606.17 "," 25,204.63 "," 84,015.42 "," 184,833.93 "," 81,206.00 "," 3,650.00 "
2015,Rivers,Maize," 274,315.32 "," 13,715.77 "," 10,972.61 "," 8,229.46 "," 27,431.53 "," 60,349.37 "," 92,010.00 "," 3,650.00 "
2015,Sokoto,Maize," 206,535.24 "," 10,326.76 "," 8,261.41 "," 6,196.06 "," 20,653.52 "," 45,437.75 "," 87,090.00 "," 3,650.00 "
2015,Taraba,Maize," 55,449.65 "," 2,772.48 "," 2,217.99 "," 1,663.49 "," 5,544.96 "," 12,198.92 "," 88,962.00 "," 3,650.00 "
2015,Yobe,Maize," 1,464.85 ", 73.24 , 58.59 , 43.95 , 146.48 , 322.26 ," 88,669.00 "," 3,650.00 "
2015,Zamfara,Maize," 233,778.27 "," 11,688.91 "," 9,351.13 "," 7,013.35 "," 23,377.83 "," 51,431.22 "," 79,554.00 "," 3,650.00 "
2015,Abia,Sorghum," 117,556.83 "," 4,702.27 "," 3,526.70 "," 2,351.14 "," 9,404.55 "," 19,984.66 "," 87,542.00 "," 3,390.00 "
2015,Adamawa,Sorghum," 120,536.25 "," 4,821.45 "," 3,616.09 "," 2,410.72 "," 9,642.90 "," 20,491.16 "," 85,670.00 "," 3,390.00 "
2015,Akwa Ibom,Sorghum," 6,581.24 ", 263.25 , 197.44 , 131.62 , 526.50 ," 1,118.81 "," 75,955.00 "," 3,390.00 "
2015,Anambra,Sorghum," 13,115.07 ", 524.60 , 393.45 , 262.30 ," 1,049.21 "," 2,229.56 "," 79,124.00 "," 3,390.00 "
2015,Bauchi,Sorghum," 574,447.88 "," 22,977.92 "," 17,233.44 "," 11,488.96 "," 45,955.83 "," 97,656.15 "," 77,747.00 "," 3,390.00 "
2015,Bayelsa,Sorghum, 998.67 , 39.95 , 29.96 , 19.97 , 79.89 , 169.77 ," 74,616.00 "," 3,390.00 "
2015,Benue,Sorghum," 652,599.58 "," 26,103.98 "," 19,577.99 "," 13,051.99 "," 52,207.97 "," 110,941.93 "," 87,510.00 "," 3,390.00 "
2015,Borno,Sorghum," 603,861.72 "," 24,154.47 "," 18,115.85 "," 12,077.23 "," 48,308.94 "," 102,656.49 "," 82,507.00 "," 3,390.00 "
2015,Cross River,Sorghum," 55,526.69 "," 2,221.07 "," 1,665.80 "," 1,110.53 "," 4,442.14 "," 9,439.54 "," 84,375.00 "," 3,390.00 "
2015,Delta,Sorghum, 522.73 , 20.91 , 15.68 , 10.45 , 41.82 , 88.86 ," 87,517.00 "," 3,390.00 "
2015,Ebonyi,Sorghum," 52,867.75 "," 2,114.71 "," 1,586.03 "," 1,057.36 "," 4,229.42 "," 8,987.52 "," 75,776.00 "," 3,390.00 "
2015,Edo,Sorghum," 53,169.86 "," 2,126.79 "," 1,595.10 "," 1,063.40 "," 4,253.59 "," 9,038.88 "," 74,716.00 "," 3,390.00 "
2015,Ekiti,Sorghum," 124,857.06 "," 4,994.28 "," 3,745.71 "," 2,497.14 "," 9,988.56 "," 21,225.69 "," 77,392.00 "," 3,390.00 "
2015,Enugu,Sorghum," 112,470.70 "," 4,498.83 "," 3,374.12 "," 2,249.41 "," 8,997.66 "," 19,120.02 "," 78,894.00 "," 3,390.00 "
2015,FCT,Sorghum," 147,720.85 "," 5,908.83 "," 4,431.63 "," 2,954.42 "," 11,817.67 "," 25,112.55 "," 81,874.00 "," 3,390.00 "
2015,Gombe,Sorghum," 82,318.04 "," 3,292.72 "," 2,469.54 "," 1,646.36 "," 6,585.44 "," 13,994.06 "," 74,672.00 "," 3,390.00 "
2015,Imo,Sorghum," 19,746.79 ", 789.87 , 592.40 , 394.94 ," 1,579.74 "," 3,356.95 "," 72,586.00 "," 3,390.00 "
2015,Jigawa,Sorghum," 124,696.03 "," 4,987.84 "," 3,740.88 "," 2,493.92 "," 9,975.68 "," 21,198.32 "," 82,620.00 "," 3,390.00 "
2015,Kaduna,Sorghum," 640,681.26 "," 25,627.25 "," 19,220.44 "," 12,813.63 "," 51,254.50 "," 108,915.82 "," 85,506.00 "," 3,390.00 "
2015,Kano,Sorghum," 626,828.44 "," 25,073.14 "," 18,804.85 "," 12,536.57 "," 50,146.28 "," 106,560.84 "," 81,365.00 "," 3,390.00 "
2015,Katsina,Sorghum," 136,523.97 "," 5,460.96 "," 4,095.72 "," 2,730.48 "," 10,921.92 "," 23,209.08 "," 75,293.00 "," 3,390.00 "
2015,Kebbi,Sorghum," 81,063.25 "," 3,242.53 "," 2,431.90 "," 1,621.26 "," 6,485.06 "," 13,780.75 "," 76,315.00 "," 3,390.00 "
2015,Kogi,Sorghum," 85,324.15 "," 3,412.97 "," 2,559.72 "," 1,706.48 "," 6,825.93 "," 14,505.10 "," 80,498.00 "," 3,390.00 "
2015,Kwara,Sorghum," 76,208.56 "," 3,048.34 "," 2,286.26 "," 1,524.17 "," 6,096.68 "," 12,955.45 "," 72,629.00 "," 3,390.00 "
2015,Lagos,Sorghum, 208.87 , 8.35 , 6.27 , 4.18 , 16.71 , 35.51 ," 79,235.00 "," 3,390.00 "
2015,Nasarawa,Sorghum," 19,226.46 ", 769.06 , 576.79 , 384.53 ," 1,538.12 "," 3,268.50 "," 77,058.00 "," 3,390.00 "
2015,Niger,Sorghum," 5,371.73 ", 214.87 , 161.15 , 107.43 , 429.74 , 913.19 ," 72,665.00 "," 3,390.00 "
2015,Ogun,Sorghum," 104,871.31 "," 4,194.85 "," 3,146.14 "," 2,097.43 "," 8,389.70 "," 17,828.12 "," 87,786.00 "," 3,390.00 "
2015,Ondo,Sorghum," 56,186.58 "," 2,247.46 "," 1,685.60 "," 1,123.73 "," 4,494.93 "," 9,551.72 "," 72,079.00 "," 3,390.00 "
2015,Osun,Sorghum," 90,784.06 "," 3,631.36 "," 2,723.52 "," 1,815.68 "," 7,262.72 "," 15,433.28 "," 82,225.00 "," 3,390.00 "
2015,Oyo,Sorghum," 160,707.70 "," 6,428.31 "," 4,821.23 "," 3,214.15 "," 12,856.62 "," 27,320.31 "," 79,275.00 "," 3,390.00 "
2015,Plateau,Sorghum," 42,643.44 "," 1,705.74 "," 1,279.30 ", 852.87 ," 3,411.48 "," 7,249.39 "," 79,821.00 "," 3,390.00 "
2015,Rivers,Sorghum," 3,562.98 ", 142.52 , 106.89 , 71.26 , 285.04 , 605.71 ," 74,234.00 "," 3,390.00 "
2015,Sokoto,Sorghum," 611,268.55 "," 24,450.74 "," 18,338.06 "," 12,225.37 "," 48,901.48 "," 103,915.65 "," 76,926.00 "," 3,390.00 "
2015,Taraba,Sorghum," 39,876.65 "," 1,595.07 "," 1,196.30 ", 797.53 ," 3,190.13 "," 6,779.03 "," 75,229.00 "," 3,390.00 "
2015,Yobe,Sorghum," 13,375.55 ", 535.02 , 401.27 , 267.51 ," 1,070.04 "," 2,273.84 "," 87,518.00 "," 3,390.00 "
2015,Zamfara,Sorghum," 539,044.95 "," 21,561.80 "," 16,171.35 "," 10,780.90 "," 43,123.60 "," 91,637.65 "," 82,761.00 "," 3,390.00 "
2016,Abia,Rice," 103,027.78 "," 4,121.11 "," 3,090.83 "," 2,060.56 "," 6,181.67 "," 15,454.17 "," 219,020.00 "," 3,650.00 "
2016,Adamawa,Rice," 254,509.07 "," 10,180.36 "," 7,635.27 "," 5,090.18 "," 15,270.54 "," 38,176.35 "," 211,859.00 "," 3,650.00 "
2016,Akwa Ibom,Rice," 209,341.16 "," 8,373.65 "," 6,280.23 "," 4,186.82 "," 12,560.47 "," 31,401.17 "," 222,140.00 "," 3,650.00 "
2016,Anambra,Rice," 168,644.13 "," 6,745.77 "," 5,059.32 "," 3,372.88 "," 10,118.65 "," 25,296.62 "," 203,884.00 "," 3,650.00 "
2016,Bauchi,Rice," 43,668.71 "," 1,746.75 "," 1,310.06 ", 873.37 ," 2,620.12 "," 6,550.30 "," 219,051.00 "," 3,650.00 "
2016,Bayelsa,Rice," 43,458.11 "," 1,738.32 "," 1,303.74 ", 869.16 ," 2,607.49 "," 6,518.71 "," 184,839.00 "," 3,650.00 "
2016,Benue,Rice," 882,427.31 "," 35,297.09 "," 26,472.82 "," 17,648.55 "," 52,945.64 "," 132,364.10 "," 211,732.00 "," 3,650.00 "
2016,Borno,Rice," 243,843.40 "," 9,753.74 "," 7,315.30 "," 4,876.87 "," 14,630.60 "," 36,576.51 "," 192,399.00 "," 3,650.00 "
2016,Cross River,Rice," 168,931.02 "," 6,757.24 "," 5,067.93 "," 3,378.62 "," 10,135.86 "," 25,339.65 "," 199,669.00 "," 3,650.00 "
2016,Delta,Rice," 198,839.35 "," 7,953.57 "," 5,965.18 "," 3,976.79 "," 11,930.36 "," 29,825.90 "," 187,948.00 "," 3,650.00 "
2016,Ebonyi,Rice," 848,786.29 "," 33,951.45 "," 25,463.59 "," 16,975.73 "," 50,927.18 "," 127,317.95 "," 224,376.00 "," 3,650.00 "
2016,Edo,Rice," 256,188.25 "," 10,247.53 "," 7,685.65 "," 5,123.77 "," 15,371.30 "," 38,428.25 "," 223,468.00 "," 3,650.00 "
2016,Ekiti,Rice," 228,138.31 "," 9,125.53 "," 6,844.15 "," 4,562.77 "," 13,688.30 "," 34,220.75 "," 219,126.00 "," 3,650.00 "
2016,Enugu,Rice," 60,398.99 "," 2,415.96 "," 1,811.97 "," 1,207.98 "," 3,623.94 "," 9,059.85 "," 206,734.00 "," 3,650.00 "
2016,FCT,Rice," 51,498.37 "," 2,059.93 "," 1,544.95 "," 1,029.97 "," 3,089.90 "," 7,724.75 "," 219,443.00 "," 3,650.00 "
2016,Gombe,Rice," 50,249.60 "," 2,009.98 "," 1,507.49 "," 1,004.99 "," 3,014.98 "," 7,537.44 "," 196,942.00 "," 3,650.00 "
2016,Imo,Rice," 85,574.32 "," 3,422.97 "," 2,567.23 "," 1,711.49 "," 5,134.46 "," 12,836.15 "," 216,560.00 "," 3,650.00 "
2016,Jigawa,Rice," 1,000,642.54 "," 40,025.70 "," 30,019.28 "," 20,012.85 "," 60,038.55 "," 150,096.38 "," 216,150.00 "," 3,650.00 "
2016,Kaduna,Rice," 118,721.02 "," 4,748.84 "," 3,561.63 "," 2,374.42 "," 7,123.26 "," 17,808.15 "," 216,967.00 "," 3,650.00 "
2016,Kano,Rice," 875,887.65 "," 35,035.51 "," 26,276.63 "," 17,517.75 "," 52,553.26 "," 131,383.15 "," 205,815.00 "," 3,650.00 "
2016,Katsina,Rice," 160,893.90 "," 6,435.76 "," 4,826.82 "," 3,217.88 "," 9,653.63 "," 24,134.09 "," 196,843.00 "," 3,650.00 "
2016,Kebbi,Rice," 856,893.48 "," 34,275.74 "," 25,706.80 "," 17,137.87 "," 51,413.61 "," 128,534.02 "," 199,763.00 "," 3,650.00 "
2016,Kogi,Rice," 82,396.89 "," 3,295.88 "," 2,471.91 "," 1,647.94 "," 4,943.81 "," 12,359.54 "," 199,453.00 "," 3,650.00 "
2016,Kwara,Rice," 100,828.21 "," 4,033.13 "," 3,024.85 "," 2,016.56 "," 6,049.69 "," 15,124.23 "," 193,291.00 "," 3,650.00 "
2016,Lagos,Rice," 124,565.41 "," 4,982.62 "," 3,736.96 "," 2,491.31 "," 7,473.92 "," 18,684.81 "," 192,872.00 "," 3,650.00 "
2016,Nasarawa,Rice," 207,936.02 "," 8,317.44 "," 6,238.08 "," 4,158.72 "," 12,476.16 "," 31,190.40 "," 208,220.00 "," 3,650.00 "
2016,Niger,Rice," 900,028.17 "," 36,001.13 "," 27,000.85 "," 18,000.56 "," 54,001.69 "," 135,004.23 "," 208,875.00 "," 3,650.00 "
2016,Ogun,Rice," 141,735.49 "," 5,669.42 "," 4,252.06 "," 2,834.71 "," 8,504.13 "," 21,260.32 "," 199,095.00 "," 3,650.00 "
2016,Ondo,Rice," 169,836.48 "," 6,793.46 "," 5,095.09 "," 3,396.73 "," 10,190.19 "," 25,475.47 "," 204,778.00 "," 3,650.00 "
2016,Osun,Rice," 12,823.02 ", 512.92 , 384.69 , 256.46 , 769.38 ," 1,923.45 "," 184,646.00 "," 3,650.00 "
2016,Oyo,Rice," 165,399.54 "," 6,615.98 "," 4,961.99 "," 3,307.99 "," 9,923.97 "," 24,809.93 "," 199,111.00 "," 3,650.00 "
2016,Plateau,Rice," 46,695.51 "," 1,867.82 "," 1,400.87 ", 933.91 ," 2,801.73 "," 7,004.33 "," 207,271.00 "," 3,650.00 "
2016,Rivers,Rice," 18,055.96 ", 722.24 , 541.68 , 361.12 ," 1,083.36 "," 2,708.40 "," 208,402.00 "," 3,650.00 "
2016,Sokoto,Rice," 269,447.16 "," 10,777.89 "," 8,083.41 "," 5,388.94 "," 16,166.83 "," 40,417.07 "," 216,769.00 "," 3,650.00 "
2016,Taraba,Rice," 1,120,957.94 "," 44,838.32 "," 33,628.74 "," 22,419.16 "," 67,257.48 "," 168,143.70 "," 222,585.00 "," 3,650.00 "
2016,Yobe,Rice," 212,856.52 "," 8,514.26 "," 6,385.70 "," 4,257.13 "," 12,771.39 "," 31,928.48 "," 191,587.00 "," 3,650.00 "
2016,Zamfara,Rice," 80,116.97 "," 3,204.68 "," 2,403.51 "," 1,602.34 "," 4,807.02 "," 12,017.55 "," 210,016.00 "," 3,650.00 "
2016,Abia,Maize," 30,610.06 "," 1,530.50 "," 1,224.40 ", 918.30 ," 3,061.01 "," 6,734.21 "," 94,869.00 "," 3,650.00 "
2016,Adamawa,Maize," 215,034.09 "," 10,751.70 "," 8,601.36 "," 6,451.02 "," 21,503.41 "," 47,307.49 "," 91,205.00 "," 3,650.00 "
2016,Akwa Ibom,Maize," 138,425.03 "," 6,921.25 "," 5,537.00 "," 4,152.75 "," 13,842.50 "," 30,453.50 "," 97,032.00 "," 3,650.00 "
2016,Anambra,Maize," 35,316.19 "," 1,765.81 "," 1,412.65 "," 1,059.49 "," 3,531.62 "," 7,769.57 "," 99,717.00 "," 3,650.00 "
2016,Bauchi,Maize," 1,027,822.20 "," 51,391.11 "," 41,112.89 "," 30,834.67 "," 102,782.22 "," 226,120.89 "," 95,697.00 "," 3,650.00 "
2016,Bayelsa,Maize," 10,164.94 ", 508.25 , 406.60 , 304.95 ," 1,016.49 "," 2,236.29 "," 106,060.00 "," 3,650.00 "
2016,Benue,Maize," 275,141.97 "," 13,757.10 "," 11,005.68 "," 8,254.26 "," 27,514.20 "," 60,531.24 "," 96,226.00 "," 3,650.00 "
2016,Borno,Maize," 78,856.71 "," 3,942.84 "," 3,154.27 "," 2,365.70 "," 7,885.67 "," 17,348.48 "," 104,323.00 "," 3,650.00 "
2016,Cross River,Maize," 195,143.53 "," 9,757.18 "," 7,805.74 "," 5,854.31 "," 19,514.35 "," 42,931.58 "," 98,270.00 "," 3,650.00 "
2016,Delta,Maize," 90,397.19 "," 4,519.86 "," 3,615.89 "," 2,711.92 "," 9,039.72 "," 19,887.39 "," 93,622.00 "," 3,650.00 "
2016,Ebonyi,Maize," 159,587.21 "," 7,979.36 "," 6,383.49 "," 4,787.62 "," 15,958.72 "," 35,109.19 "," 93,628.00 "," 3,650.00 "
2016,Edo,Maize," 165,192.82 "," 8,259.64 "," 6,607.71 "," 4,955.78 "," 16,519.28 "," 36,342.41 "," 104,180.00 "," 3,650.00 "
2016,Ekiti,Maize," 53,524.75 "," 2,676.24 "," 2,140.99 "," 1,605.74 "," 5,352.48 "," 11,775.45 "," 101,346.00 "," 3,650.00 "
2016,Enugu,Maize," 285,118.26 "," 14,255.91 "," 11,404.73 "," 8,553.55 "," 28,511.83 "," 62,726.02 "," 109,258.00 "," 3,650.00 "
2016,FCT,Maize," 233,240.20 "," 11,662.01 "," 9,329.61 "," 6,997.21 "," 23,324.02 "," 51,312.85 "," 106,119.00 "," 3,650.00 "
2016,Gombe,Maize," 1,193,326.57 "," 59,666.33 "," 47,733.06 "," 35,799.80 "," 119,332.66 "," 262,531.85 "," 90,868.00 "," 3,650.00 "
2016,Imo,Maize," 273,291.58 "," 13,664.58 "," 10,931.66 "," 8,198.75 "," 27,329.16 "," 60,124.15 "," 109,028.00 "," 3,650.00 "
2016,Jigawa,Maize," 182,037.84 "," 9,101.89 "," 7,281.51 "," 5,461.14 "," 18,203.78 "," 40,048.32 "," 106,383.00 "," 3,650.00 "
2016,Kaduna,Maize," 1,227,465.93 "," 61,373.30 "," 49,098.64 "," 36,823.98 "," 122,746.59 "," 270,042.51 "," 94,561.00 "," 3,650.00 "
2016,Kano,Maize," 904,065.09 "," 45,203.25 "," 36,162.60 "," 27,121.95 "," 90,406.51 "," 198,894.31 "," 102,219.00 "," 3,650.00 "
2016,Katsina,Maize," 954,697.17 "," 47,734.86 "," 38,187.89 "," 28,640.92 "," 95,469.72 "," 210,033.39 "," 106,797.00 "," 3,650.00 "
2016,Kebbi,Maize," 14,176.77 ", 708.84 , 567.07 , 425.30 ," 1,417.68 "," 3,118.89 "," 97,068.00 "," 3,650.00 "
2016,Kogi,Maize," 95,474.29 "," 4,773.71 "," 3,818.97 "," 2,864.23 "," 9,547.43 "," 21,004.34 "," 105,610.00 "," 3,650.00 "
2016,Kwara,Maize," 114,509.04 "," 5,725.45 "," 4,580.36 "," 3,435.27 "," 11,450.90 "," 25,191.98 "," 106,452.00 "," 3,650.00 "
2016,Lagos,Maize," 81,160.75 "," 4,058.04 "," 3,246.43 "," 2,434.82 "," 8,116.08 "," 17,855.37 "," 103,350.00 "," 3,650.00 "
2016,Nasarawa,Maize," 239,678.28 "," 11,983.91 "," 9,587.13 "," 7,190.35 "," 23,967.83 "," 52,729.22 "," 102,477.00 "," 3,650.00 "
2016,Niger,Maize," 107,006.64 "," 5,350.33 "," 4,280.27 "," 3,210.20 "," 10,700.66 "," 23,541.46 "," 101,732.00 "," 3,650.00 "
2016,Ogun,Maize," 81,862.47 "," 4,093.12 "," 3,274.50 "," 2,455.87 "," 8,186.25 "," 18,009.74 "," 104,737.00 "," 3,650.00 "
2016,Ondo,Maize," 169,502.52 "," 8,475.13 "," 6,780.10 "," 5,085.08 "," 16,950.25 "," 37,290.56 "," 94,334.00 "," 3,650.00 "
2016,Osun,Maize," 40,757.30 "," 2,037.87 "," 1,630.29 "," 1,222.72 "," 4,075.73 "," 8,966.61 "," 90,472.00 "," 3,650.00 "
2016,Oyo,Maize," 1,162,249.77 "," 58,112.49 "," 46,489.99 "," 34,867.49 "," 116,224.98 "," 255,694.95 "," 102,141.00 "," 3,650.00 "
2016,Plateau,Maize," 930,995.20 "," 46,549.76 "," 37,239.81 "," 27,929.86 "," 93,099.52 "," 204,818.95 "," 94,638.00 "," 3,650.00 "
2016,Rivers,Maize," 294,202.22 "," 14,710.11 "," 11,768.09 "," 8,826.07 "," 29,420.22 "," 64,724.49 "," 101,889.00 "," 3,650.00 "
2016,Sokoto,Maize," 232,678.90 "," 11,633.94 "," 9,307.16 "," 6,980.37 "," 23,267.89 "," 51,189.36 "," 109,755.00 "," 3,650.00 "
2016,Taraba,Maize," 57,715.34 "," 2,885.77 "," 2,308.61 "," 1,731.46 "," 5,771.53 "," 12,697.37 "," 103,902.00 "," 3,650.00 "
2016,Yobe,Maize," 1,648.44 ", 82.42 , 65.94 , 49.45 , 164.84 , 362.65 ," 98,563.00 "," 3,650.00 "
2016,Zamfara,Maize," 251,127.74 "," 12,556.39 "," 10,045.11 "," 7,533.83 "," 25,112.77 "," 55,248.10 "," 103,848.00 "," 3,650.00 "
2016,Abia,Sorghum," 137,801.78 "," 5,512.07 "," 4,134.05 "," 2,756.04 "," 11,024.14 "," 23,426.30 "," 87,013.00 "," 3,390.00 "
2016,Adamawa,Sorghum," 130,102.15 "," 5,204.09 "," 3,903.06 "," 2,602.04 "," 10,408.17 "," 22,117.36 "," 98,217.00 "," 3,390.00 "
2016,Akwa Ibom,Sorghum," 7,222.10 ", 288.88 , 216.66 , 144.44 , 577.77 ," 1,227.75 "," 89,754.00 "," 3,390.00 "
2016,Anambra,Sorghum," 13,180.40 ", 527.22 , 395.41 , 263.61 ," 1,054.43 "," 2,240.67 "," 86,210.00 "," 3,390.00 "
2016,Bauchi,Sorghum," 648,675.03 "," 25,947.00 "," 19,460.25 "," 12,973.50 "," 51,894.00 "," 110,274.75 "," 88,207.00 "," 3,390.00 "
2016,Bayelsa,Sorghum," 1,057.53 ", 42.30 , 31.73 , 21.15 , 84.60 , 179.78 ," 88,861.00 "," 3,390.00 "
2016,Benue,Sorghum," 707,437.98 "," 28,297.52 "," 21,223.14 "," 14,148.76 "," 56,595.04 "," 120,264.46 "," 85,905.00 "," 3,390.00 "
2016,Borno,Sorghum," 674,569.36 "," 26,982.77 "," 20,237.08 "," 13,491.39 "," 53,965.55 "," 114,676.79 "," 85,871.00 "," 3,390.00 "
2016,Cross River,Sorghum," 63,334.74 "," 2,533.39 "," 1,900.04 "," 1,266.69 "," 5,066.78 "," 10,766.90 "," 88,993.00 "," 3,390.00 "
2016,Delta,Sorghum, 592.89 , 23.72 , 17.79 , 11.86 , 47.43 , 100.80 ," 101,145.00 "," 3,390.00 "
2016,Ebonyi,Sorghum," 58,659.03 "," 2,346.36 "," 1,759.77 "," 1,173.18 "," 4,692.72 "," 9,972.03 "," 94,619.00 "," 3,390.00 "
2016,Edo,Sorghum," 59,364.52 "," 2,374.58 "," 1,780.94 "," 1,187.29 "," 4,749.16 "," 10,091.97 "," 90,860.00 "," 3,390.00 "
2016,Ekiti,Sorghum," 137,874.24 "," 5,514.97 "," 4,136.23 "," 2,757.48 "," 11,029.94 "," 23,438.62 "," 103,289.00 "," 3,390.00 "
2016,Enugu,Sorghum," 120,389.12 "," 4,815.56 "," 3,611.67 "," 2,407.78 "," 9,631.13 "," 20,466.14 "," 95,086.00 "," 3,390.00 "
2016,FCT,Sorghum," 168,665.63 "," 6,746.63 "," 5,059.97 "," 3,373.31 "," 13,493.25 "," 28,673.16 "," 93,345.00 "," 3,390.00 "
2016,Gombe,Sorghum," 83,887.96 "," 3,355.52 "," 2,516.64 "," 1,677.76 "," 6,711.04 "," 14,260.96 "," 95,171.00 "," 3,390.00 "
2016,Imo,Sorghum," 23,240.15 ", 929.61 , 697.20 , 464.80 ," 1,859.21 "," 3,950.82 "," 87,895.00 "," 3,390.00 "
2016,Jigawa,Sorghum," 135,054.35 "," 5,402.17 "," 4,051.63 "," 2,701.09 "," 10,804.35 "," 22,959.24 "," 88,377.00 "," 3,390.00 "
2016,Kaduna,Sorghum," 701,337.85 "," 28,053.51 "," 21,040.14 "," 14,026.76 "," 56,107.03 "," 119,227.44 "," 86,417.00 "," 3,390.00 "
2016,Kano,Sorghum," 658,477.02 "," 26,339.08 "," 19,754.31 "," 13,169.54 "," 52,678.16 "," 111,941.09 "," 98,815.00 "," 3,390.00 "
2016,Katsina,Sorghum," 141,078.43 "," 5,643.14 "," 4,232.35 "," 2,821.57 "," 11,286.27 "," 23,983.33 "," 97,100.00 "," 3,390.00 "
2016,Kebbi,Sorghum," 94,468.74 "," 3,778.75 "," 2,834.06 "," 1,889.37 "," 7,557.50 "," 16,059.68 "," 102,030.00 "," 3,390.00 "
2016,Kogi,Sorghum," 94,557.36 "," 3,782.29 "," 2,836.72 "," 1,891.15 "," 7,564.59 "," 16,074.75 "," 92,107.00 "," 3,390.00 "
2016,Kwara,Sorghum," 76,684.82 "," 3,067.39 "," 2,300.54 "," 1,533.70 "," 6,134.79 "," 13,036.42 "," 103,258.00 "," 3,390.00 "
2016,Lagos,Sorghum, 246.26 , 9.85 , 7.39 , 4.93 , 19.70 , 41.87 ," 94,751.00 "," 3,390.00 "
2016,Nasarawa,Sorghum," 20,734.26 ", 829.37 , 622.03 , 414.69 ," 1,658.74 "," 3,524.83 "," 94,394.00 "," 3,390.00 "
2016,Niger,Sorghum," 5,912.39 ", 236.50 , 177.37 , 118.25 , 472.99 ," 1,005.11 "," 86,275.00 "," 3,390.00 "
2016,Ogun,Sorghum," 121,277.42 "," 4,851.10 "," 3,638.32 "," 2,425.55 "," 9,702.19 "," 20,617.16 "," 87,001.00 "," 3,390.00 "
2016,Ondo,Sorghum," 60,318.74 "," 2,412.75 "," 1,809.56 "," 1,206.37 "," 4,825.50 "," 10,254.18 "," 99,302.00 "," 3,390.00 "
2016,Osun,Sorghum," 96,475.99 "," 3,859.04 "," 2,894.28 "," 1,929.52 "," 7,718.08 "," 16,400.92 "," 85,279.00 "," 3,390.00 "
2016,Oyo,Sorghum," 165,325.07 "," 6,613.00 "," 4,959.75 "," 3,306.50 "," 13,226.01 "," 28,105.26 "," 89,546.00 "," 3,390.00 "
2016,Plateau,Sorghum," 45,675.91 "," 1,827.04 "," 1,370.28 ", 913.52 ," 3,654.07 "," 7,764.91 "," 86,247.00 "," 3,390.00 "
2016,Rivers,Sorghum," 3,979.50 ", 159.18 , 119.38 , 79.59 , 318.36 , 676.51 ," 95,011.00 "," 3,390.00 "
2016,Sokoto,Sorghum," 684,289.81 "," 27,371.59 "," 20,528.69 "," 13,685.80 "," 54,743.18 "," 116,329.26 "," 92,063.00 "," 3,390.00 "
2016,Taraba,Sorghum," 42,291.11 "," 1,691.64 "," 1,268.73 ", 845.82 ," 3,383.29 "," 7,189.48 "," 95,891.00 "," 3,390.00 "
2016,Yobe,Sorghum," 14,326.94 ", 573.08 , 429.81 , 286.54 ," 1,146.16 "," 2,435.59 "," 101,884.00 "," 3,390.00 "
2016,Zamfara,Sorghum," 611,120.38 "," 24,444.82 "," 18,333.61 "," 12,222.41 "," 48,889.63 "," 103,890.47 "," 103,252.00 "," 3,390.00 "
2017,Abia,Rice," 111,023.88 "," 4,440.96 "," 3,330.72 "," 2,220.48 "," 6,661.43 "," 16,653.59 "," 233,542.00 "," 3,650.00 "
2017,Adamawa,Rice," 283,972.99 "," 11,358.92 "," 8,519.19 "," 5,679.46 "," 17,038.38 "," 42,595.95 "," 228,971.00 "," 3,650.00 "
2017,Akwa Ibom,Rice," 216,270.74 "," 8,650.83 "," 6,488.12 "," 4,325.41 "," 12,976.24 "," 32,440.60 "," 242,078.00 "," 3,650.00 "
2017,Anambra,Rice," 177,913.80 "," 7,116.55 "," 5,337.41 "," 3,558.28 "," 10,674.83 "," 26,687.07 "," 266,255.00 "," 3,650.00 "
2017,Bauchi,Rice," 46,044.89 "," 1,841.80 "," 1,381.35 ", 920.90 ," 2,762.69 "," 6,906.74 "," 262,385.00 "," 3,650.00 "
2017,Bayelsa,Rice," 43,798.64 "," 1,751.95 "," 1,313.96 ", 875.97 ," 2,627.92 "," 6,569.80 "," 227,213.00 "," 3,650.00 "
2017,Benue,Rice," 867,227.78 "," 34,689.11 "," 26,016.83 "," 17,344.56 "," 52,033.67 "," 130,084.17 "," 231,806.00 "," 3,650.00 "
2017,Borno,Rice," 252,876.97 "," 10,115.08 "," 7,586.31 "," 5,057.54 "," 15,172.62 "," 37,931.55 "," 240,366.00 "," 3,650.00 "
2017,Cross River,Rice," 180,324.53 "," 7,212.98 "," 5,409.74 "," 3,606.49 "," 10,819.47 "," 27,048.68 "," 254,992.00 "," 3,650.00 "
2017,Delta,Rice," 209,305.08 "," 8,372.20 "," 6,279.15 "," 4,186.10 "," 12,558.30 "," 31,395.75 "," 229,773.00 "," 3,650.00 "
2017,Ebonyi,Rice," 896,299.38 "," 35,851.98 "," 26,888.98 "," 17,925.99 "," 53,777.96 "," 134,444.91 "," 268,968.00 "," 3,650.00 "
2017,Edo,Rice," 277,387.59 "," 11,095.50 "," 8,321.63 "," 5,547.75 "," 16,643.26 "," 41,608.14 "," 253,270.00 "," 3,650.00 "
2017,Ekiti,Rice," 244,693.90 "," 9,787.76 "," 7,340.82 "," 4,893.88 "," 14,681.63 "," 36,704.09 "," 231,871.00 "," 3,650.00 "
2017,Enugu,Rice," 60,821.81 "," 2,432.87 "," 1,824.65 "," 1,216.44 "," 3,649.31 "," 9,123.27 "," 242,973.00 "," 3,650.00 "
2017,FCT,Rice," 50,226.80 "," 2,009.07 "," 1,506.80 "," 1,004.54 "," 3,013.61 "," 7,534.02 "," 241,429.00 "," 3,650.00 "
2017,Gombe,Rice," 50,252.41 "," 2,010.10 "," 1,507.57 "," 1,005.05 "," 3,015.14 "," 7,537.86 "," 224,480.00 "," 3,650.00 "
2017,Imo,Rice," 83,945.35 "," 3,357.81 "," 2,518.36 "," 1,678.91 "," 5,036.72 "," 12,591.80 "," 270,970.00 "," 3,650.00 "
2017,Jigawa,Rice," 1,014,361.50 "," 40,574.46 "," 30,430.84 "," 20,287.23 "," 60,861.69 "," 152,154.22 "," 271,104.00 "," 3,650.00 "
2017,Kaduna,Rice," 122,858.40 "," 4,914.34 "," 3,685.75 "," 2,457.17 "," 7,371.50 "," 18,428.76 "," 238,666.00 "," 3,650.00 "
2017,Kano,Rice," 943,067.31 "," 37,722.69 "," 28,292.02 "," 18,861.35 "," 56,584.04 "," 141,460.10 "," 244,999.00 "," 3,650.00 "
2017,Katsina,Rice," 168,303.19 "," 6,732.13 "," 5,049.10 "," 3,366.06 "," 10,098.19 "," 25,245.48 "," 254,984.00 "," 3,650.00 "
2017,Kebbi,Rice," 873,507.76 "," 34,940.31 "," 26,205.23 "," 17,470.16 "," 52,410.47 "," 131,026.17 "," 253,931.00 "," 3,650.00 "
2017,Kogi,Rice," 84,916.19 "," 3,396.65 "," 2,547.49 "," 1,698.32 "," 5,094.97 "," 12,737.43 "," 230,740.00 "," 3,650.00 "
2017,Kwara,Rice," 100,310.72 "," 4,012.43 "," 3,009.32 "," 2,006.21 "," 6,018.64 "," 15,046.60 "," 261,925.00 "," 3,650.00 "
2017,Lagos,Rice," 130,076.86 "," 5,203.07 "," 3,902.31 "," 2,601.54 "," 7,804.61 "," 19,511.53 "," 226,084.00 "," 3,650.00 "
2017,Nasarawa,Rice," 235,972.73 "," 9,438.91 "," 7,079.18 "," 4,719.45 "," 14,158.36 "," 35,395.90 "," 226,065.00 "," 3,650.00 "
2017,Niger,Rice," 934,140.82 "," 37,365.63 "," 28,024.22 "," 18,682.82 "," 56,048.45 "," 140,121.12 "," 271,990.00 "," 3,650.00 "
2017,Ogun,Rice," 143,417.28 "," 5,736.69 "," 4,302.52 "," 2,868.35 "," 8,605.04 "," 21,512.60 "," 230,255.00 "," 3,650.00 "
2017,Ondo,Rice," 163,222.95 "," 6,528.92 "," 4,896.69 "," 3,264.46 "," 9,793.38 "," 24,483.45 "," 238,242.00 "," 3,650.00 "
2017,Osun,Rice," 12,771.03 ", 510.84 , 383.13 , 255.42 , 766.26 ," 1,915.65 "," 257,531.00 "," 3,650.00 "
2017,Oyo,Rice," 166,363.58 "," 6,654.54 "," 4,990.91 "," 3,327.27 "," 9,981.81 "," 24,954.53 "," 248,467.00 "," 3,650.00 "
2017,Plateau,Rice," 51,257.38 "," 2,050.30 "," 1,537.72 "," 1,025.15 "," 3,075.44 "," 7,688.61 "," 263,572.00 "," 3,650.00 "
2017,Rivers,Rice," 18,843.05 ", 753.72 , 565.29 , 376.86 ," 1,130.58 "," 2,826.45 "," 238,390.00 "," 3,650.00 "
2017,Sokoto,Rice," 275,092.92 "," 11,003.72 "," 8,252.79 "," 5,501.86 "," 16,505.58 "," 41,263.95 "," 249,341.00 "," 3,650.00 "
2017,Taraba,Rice," 1,127,218.86 "," 45,088.75 "," 33,816.57 "," 22,544.38 "," 67,633.13 "," 169,082.83 "," 229,683.00 "," 3,650.00 "
2017,Yobe,Rice," 240,445.35 "," 9,617.81 "," 7,213.36 "," 4,808.91 "," 14,426.72 "," 36,066.80 "," 245,509.00 "," 3,650.00 "
2017,Zamfara,Rice," 84,566.50 "," 3,382.66 "," 2,537.00 "," 1,691.33 "," 5,073.99 "," 12,684.98 "," 241,440.00 "," 3,650.00 "
2017,Abia,Maize," 26,166.34 "," 1,308.32 "," 1,046.65 ", 784.99 ," 2,616.63 "," 5,756.59 "," 122,533.00 "," 3,650.00 "
2017,Adamawa,Maize," 189,212.97 "," 9,460.65 "," 7,568.52 "," 5,676.39 "," 18,921.30 "," 41,626.86 "," 121,194.00 "," 3,650.00 "
2017,Akwa Ibom,Maize," 113,122.40 "," 5,656.12 "," 4,524.90 "," 3,393.67 "," 11,312.24 "," 24,886.93 "," 113,071.00 "," 3,650.00 "
2017,Anambra,Maize," 32,915.68 "," 1,645.78 "," 1,316.63 ", 987.47 ," 3,291.57 "," 7,241.45 "," 103,941.00 "," 3,650.00 "
2017,Bauchi,Maize," 921,782.56 "," 46,089.13 "," 36,871.30 "," 27,653.48 "," 92,178.26 "," 202,792.17 "," 120,986.00 "," 3,650.00 "
2017,Bayelsa,Maize," 8,955.26 ", 447.76 , 358.21 , 268.66 , 895.53 ," 1,970.16 "," 115,812.00 "," 3,650.00 "
2017,Benue,Maize," 238,718.78 "," 11,935.94 "," 9,548.75 "," 7,161.56 "," 23,871.88 "," 52,518.13 "," 103,778.00 "," 3,650.00 "
2017,Borno,Maize," 68,117.86 "," 3,405.89 "," 2,724.71 "," 2,043.54 "," 6,811.79 "," 14,985.93 "," 125,945.00 "," 3,650.00 "
2017,Cross River,Maize," 184,425.23 "," 9,221.26 "," 7,377.01 "," 5,532.76 "," 18,442.52 "," 40,573.55 "," 125,570.00 "," 3,650.00 "
2017,Delta,Maize," 84,128.33 "," 4,206.42 "," 3,365.13 "," 2,523.85 "," 8,412.83 "," 18,508.23 "," 106,023.00 "," 3,650.00 "
2017,Ebonyi,Maize," 141,206.88 "," 7,060.34 "," 5,648.28 "," 4,236.21 "," 14,120.69 "," 31,065.52 "," 113,950.00 "," 3,650.00 "
2017,Edo,Maize," 152,819.43 "," 7,640.97 "," 6,112.78 "," 4,584.58 "," 15,281.94 "," 33,620.27 "," 105,755.00 "," 3,650.00 "
2017,Ekiti,Maize," 49,892.67 "," 2,494.63 "," 1,995.71 "," 1,496.78 "," 4,989.27 "," 10,976.39 "," 106,951.00 "," 3,650.00 "
2017,Enugu,Maize," 257,407.84 "," 12,870.39 "," 10,296.31 "," 7,722.24 "," 25,740.78 "," 56,629.72 "," 120,459.00 "," 3,650.00 "
2017,FCT,Maize," 208,954.24 "," 10,447.71 "," 8,358.17 "," 6,268.63 "," 20,895.42 "," 45,969.93 "," 112,145.00 "," 3,650.00 "
2017,Gombe,Maize," 1,053,298.88 "," 52,664.94 "," 42,131.96 "," 31,598.97 "," 105,329.89 "," 231,725.76 "," 114,067.00 "," 3,650.00 "
2017,Imo,Maize," 248,692.14 "," 12,434.61 "," 9,947.69 "," 7,460.76 "," 24,869.21 "," 54,712.27 "," 124,017.00 "," 3,650.00 "
2017,Jigawa,Maize," 168,921.25 "," 8,446.06 "," 6,756.85 "," 5,067.64 "," 16,892.12 "," 37,162.67 "," 121,598.00 "," 3,650.00 "
2017,Kaduna,Maize," 1,040,207.05 "," 52,010.35 "," 41,608.28 "," 31,206.21 "," 104,020.71 "," 228,845.55 "," 119,327.00 "," 3,650.00 "
2017,Kano,Maize," 829,365.60 "," 41,468.28 "," 33,174.62 "," 24,880.97 "," 82,936.56 "," 182,460.43 "," 109,357.00 "," 3,650.00 "
2017,Katsina,Maize," 893,057.47 "," 44,652.87 "," 35,722.30 "," 26,791.72 "," 89,305.75 "," 196,472.64 "," 104,383.00 "," 3,650.00 "
2017,Kebbi,Maize," 12,712.33 ", 635.62 , 508.49 , 381.37 ," 1,271.23 "," 2,796.71 "," 114,113.00 "," 3,650.00 "
2017,Kogi,Maize," 89,116.98 "," 4,455.85 "," 3,564.68 "," 2,673.51 "," 8,911.70 "," 19,605.74 "," 118,665.00 "," 3,650.00 "
2017,Kwara,Maize," 109,178.32 "," 5,458.92 "," 4,367.13 "," 3,275.35 "," 10,917.83 "," 24,019.23 "," 118,143.00 "," 3,650.00 "
2017,Lagos,Maize," 74,159.40 "," 3,707.97 "," 2,966.38 "," 2,224.78 "," 7,415.94 "," 16,315.07 "," 105,032.00 "," 3,650.00 "
2017,Nasarawa,Maize," 224,353.85 "," 11,217.69 "," 8,974.15 "," 6,730.62 "," 22,435.38 "," 49,357.84 "," 106,953.00 "," 3,650.00 "
2017,Niger,Maize," 98,690.87 "," 4,934.54 "," 3,947.63 "," 2,960.73 "," 9,869.09 "," 21,711.99 "," 115,281.00 "," 3,650.00 "
2017,Ogun,Maize," 77,282.37 "," 3,864.12 "," 3,091.29 "," 2,318.47 "," 7,728.24 "," 17,002.12 "," 104,458.00 "," 3,650.00 "
2017,Ondo,Maize," 140,558.53 "," 7,027.93 "," 5,622.34 "," 4,216.76 "," 14,055.85 "," 30,922.88 "," 119,975.00 "," 3,650.00 "
2017,Osun,Maize," 36,451.05 "," 1,822.55 "," 1,458.04 "," 1,093.53 "," 3,645.11 "," 8,019.23 "," 105,138.00 "," 3,650.00 "
2017,Oyo,Maize," 977,302.99 "," 48,865.15 "," 39,092.12 "," 29,319.09 "," 97,730.30 "," 215,006.66 "," 125,499.00 "," 3,650.00 "
2017,Plateau,Maize," 850,538.04 "," 42,526.90 "," 34,021.52 "," 25,516.14 "," 85,053.80 "," 187,118.36 "," 111,624.00 "," 3,650.00 "
2017,Rivers,Maize," 261,250.87 "," 13,062.54 "," 10,450.03 "," 7,837.53 "," 26,125.09 "," 57,475.19 "," 111,543.00 "," 3,650.00 "
2017,Sokoto,Maize," 214,407.50 "," 10,720.38 "," 8,576.30 "," 6,432.22 "," 21,440.75 "," 47,169.65 "," 118,711.00 "," 3,650.00 "
2017,Taraba,Maize," 52,006.59 "," 2,600.33 "," 2,080.26 "," 1,560.20 "," 5,200.66 "," 11,441.45 "," 107,504.00 "," 3,650.00 "
2017,Yobe,Maize," 1,432.26 ", 71.61 , 57.29 , 42.97 , 143.23 , 315.10 ," 118,686.00 "," 3,650.00 "
2017,Zamfara,Maize," 226,179.72 "," 11,308.99 "," 9,047.19 "," 6,785.39 "," 22,617.97 "," 49,759.54 "," 109,596.00 "," 3,650.00 "
2017,Abia,Sorghum," 120,459.15 "," 4,818.37 "," 3,613.77 "," 2,409.18 "," 9,636.73 "," 20,478.05 "," 98,974.00 "," 3,390.00 "
2017,Adamawa,Sorghum," 136,589.61 "," 5,463.58 "," 4,097.69 "," 2,731.79 "," 10,927.17 "," 23,220.23 "," 103,581.00 "," 3,390.00 "
2017,Akwa Ibom,Sorghum," 7,088.30 ", 283.53 , 212.65 , 141.77 , 567.06 ," 1,205.01 "," 110,692.00 "," 3,390.00 "
2017,Anambra,Sorghum," 13,096.76 ", 523.87 , 392.90 , 261.94 ," 1,047.74 "," 2,226.45 "," 101,642.00 "," 3,390.00 "
2017,Bauchi,Sorghum," 578,371.04 "," 23,134.84 "," 17,351.13 "," 11,567.42 "," 46,269.68 "," 98,323.07 "," 110,484.00 "," 3,390.00 "
2017,Bayelsa,Sorghum," 1,065.45 ", 42.62 , 31.96 , 21.31 , 85.24 , 181.13 ," 111,108.00 "," 3,390.00 "
2017,Benue,Sorghum," 693,550.85 "," 27,742.03 "," 20,806.53 "," 13,871.02 "," 55,484.07 "," 117,903.65 "," 98,106.00 "," 3,390.00 "
2017,Borno,Sorghum," 678,915.96 "," 27,156.64 "," 20,367.48 "," 13,578.32 "," 54,313.28 "," 115,415.72 "," 114,452.00 "," 3,390.00 "
2017,Cross River,Sorghum," 58,000.27 "," 2,320.01 "," 1,740.01 "," 1,160.01 "," 4,640.02 "," 9,860.05 "," 118,367.00 "," 3,390.00 "
2017,Delta,Sorghum, 574.61 , 22.98 , 17.24 , 11.49 , 45.97 , 97.68 ," 109,780.00 "," 3,390.00 "
2017,Ebonyi,Sorghum," 57,043.46 "," 2,281.74 "," 1,711.30 "," 1,140.87 "," 4,563.48 "," 9,697.39 "," 114,734.00 "," 3,390.00 "
2017,Edo,Sorghum," 59,115.23 "," 2,364.61 "," 1,773.46 "," 1,182.30 "," 4,729.22 "," 10,049.59 "," 99,966.00 "," 3,390.00 "
2017,Ekiti,Sorghum," 128,479.87 "," 5,139.19 "," 3,854.40 "," 2,569.60 "," 10,278.39 "," 21,841.58 "," 117,246.00 "," 3,390.00 "
2017,Enugu,Sorghum," 110,973.62 "," 4,438.94 "," 3,329.21 "," 2,219.47 "," 8,877.89 "," 18,865.51 "," 105,238.00 "," 3,390.00 "
2017,FCT,Sorghum," 157,723.28 "," 6,308.93 "," 4,731.70 "," 3,154.47 "," 12,617.86 "," 26,812.96 "," 106,691.00 "," 3,390.00 "
2017,Gombe,Sorghum," 85,476.18 "," 3,419.05 "," 2,564.29 "," 1,709.52 "," 6,838.09 "," 14,530.95 "," 117,570.00 "," 3,390.00 "
2017,Imo,Sorghum," 20,851.06 ", 834.04 , 625.53 , 417.02 ," 1,668.08 "," 3,544.67 "," 99,824.00 "," 3,390.00 "
2017,Jigawa,Sorghum," 123,801.25 "," 4,952.05 "," 3,714.04 "," 2,476.02 "," 9,904.10 "," 21,046.21 "," 116,357.00 "," 3,390.00 "
2017,Kaduna,Sorghum," 682,956.79 "," 27,318.27 "," 20,488.70 "," 13,659.14 "," 54,636.54 "," 116,102.65 "," 103,375.00 "," 3,390.00 "
2017,Kano,Sorghum," 657,571.28 "," 26,302.85 "," 19,727.14 "," 13,151.43 "," 52,605.70 "," 111,787.12 "," 115,805.00 "," 3,390.00 "
2017,Katsina,Sorghum," 142,776.89 "," 5,711.08 "," 4,283.31 "," 2,855.54 "," 11,422.15 "," 24,272.08 "," 117,048.00 "," 3,390.00 "
2017,Kebbi,Sorghum," 86,194.51 "," 3,447.78 "," 2,585.84 "," 1,723.89 "," 6,895.56 "," 14,653.07 "," 113,508.00 "," 3,390.00 "
2017,Kogi,Sorghum," 93,194.57 "," 3,727.78 "," 2,795.84 "," 1,863.89 "," 7,455.57 "," 15,843.08 "," 115,387.00 "," 3,390.00 "
2017,Kwara,Sorghum," 78,273.96 "," 3,130.96 "," 2,348.22 "," 1,565.48 "," 6,261.92 "," 13,306.58 "," 113,971.00 "," 3,390.00 "
2017,Lagos,Sorghum, 231.04 , 9.24 , 6.93 , 4.62 , 18.48 , 39.27 ," 101,032.00 "," 3,390.00 "
2017,Nasarawa,Sorghum," 19,398.40 ", 775.94 , 581.95 , 387.97 ," 1,551.87 "," 3,297.73 "," 118,468.00 "," 3,390.00 "
2017,Niger,Sorghum," 5,871.55 ", 234.86 , 176.15 , 117.43 , 469.72 , 998.16 ," 98,132.00 "," 3,390.00 "
2017,Ogun,Sorghum," 110,092.76 "," 4,403.71 "," 3,302.78 "," 2,201.86 "," 8,807.42 "," 18,715.77 "," 100,045.00 "," 3,390.00 "
2017,Ondo,Sorghum," 57,537.98 "," 2,301.52 "," 1,726.14 "," 1,150.76 "," 4,603.04 "," 9,781.46 "," 114,864.00 "," 3,390.00 "
2017,Osun,Sorghum," 88,421.02 "," 3,536.84 "," 2,652.63 "," 1,768.42 "," 7,073.68 "," 15,031.57 "," 108,126.00 "," 3,390.00 "
2017,Oyo,Sorghum," 167,979.57 "," 6,719.18 "," 5,039.39 "," 3,359.59 "," 13,438.37 "," 28,556.53 "," 113,028.00 "," 3,390.00 "
2017,Plateau,Sorghum," 44,809.20 "," 1,792.37 "," 1,344.28 ", 896.18 ," 3,584.74 "," 7,617.57 "," 109,951.00 "," 3,390.00 "
2017,Rivers,Sorghum," 3,675.79 ", 147.03 , 110.27 , 73.52 , 294.06 , 624.88 ," 103,627.00 "," 3,390.00 "
2017,Sokoto,Sorghum," 676,575.65 "," 27,063.03 "," 20,297.27 "," 13,531.51 "," 54,126.05 "," 115,017.86 "," 112,079.00 "," 3,390.00 "
2017,Taraba,Sorghum," 42,481.36 "," 1,699.25 "," 1,274.44 ", 849.63 ," 3,398.51 "," 7,221.83 "," 110,943.00 "," 3,390.00 "
2017,Yobe,Sorghum," 14,138.40 ", 565.54 , 424.15 , 282.77 ," 1,131.07 "," 2,403.53 "," 100,657.00 "," 3,390.00 "
2017,Zamfara,Sorghum," 586,567.90 "," 23,462.72 "," 17,597.04 "," 11,731.36 "," 46,925.43 "," 99,716.55 "," 97,401.00 "," 3,390.00 "
2018,Abia,Rice," 104,633.69 "," 4,185.35 "," 3,139.01 "," 2,092.67 "," 6,278.02 "," 15,695.05 "," 305,225.00 "," 3,650.00 "
2018,Adamawa,Rice," 285,901.86 "," 11,436.07 "," 8,577.06 "," 5,718.04 "," 17,154.11 "," 42,885.28 "," 268,592.00 "," 3,650.00 "
2018,Akwa Ibom,Rice," 207,742.22 "," 8,309.69 "," 6,232.27 "," 4,154.84 "," 12,464.53 "," 31,161.33 "," 309,524.00 "," 3,650.00 "
2018,Anambra,Rice," 166,512.97 "," 6,660.52 "," 4,995.39 "," 3,330.26 "," 9,990.78 "," 24,976.95 "," 295,216.00 "," 3,650.00 "
2018,Bauchi,Rice," 45,761.37 "," 1,830.45 "," 1,372.84 ", 915.23 ," 2,745.68 "," 6,864.20 "," 298,773.00 "," 3,650.00 "
2018,Bayelsa,Rice," 43,317.27 "," 1,732.69 "," 1,299.52 ", 866.35 ," 2,599.04 "," 6,497.60 "," 283,554.00 "," 3,650.00 "
2018,Benue,Rice," 901,403.34 "," 36,056.13 "," 27,042.10 "," 18,028.07 "," 54,084.20 "," 135,210.50 "," 295,166.00 "," 3,650.00 "
2018,Borno,Rice," 235,985.52 "," 9,439.42 "," 7,079.57 "," 4,719.71 "," 14,159.13 "," 35,397.83 "," 307,241.00 "," 3,650.00 "
2018,Cross River,Rice," 164,289.19 "," 6,571.57 "," 4,928.68 "," 3,285.78 "," 9,857.35 "," 24,643.38 "," 306,350.00 "," 3,650.00 "
2018,Delta,Rice," 196,914.22 "," 7,876.57 "," 5,907.43 "," 3,938.28 "," 11,814.85 "," 29,537.13 "," 318,751.00 "," 3,650.00 "
2018,Ebonyi,Rice," 854,346.52 "," 34,173.86 "," 25,630.40 "," 17,086.93 "," 51,260.79 "," 128,151.98 "," 281,892.00 "," 3,650.00 "
2018,Edo,Rice," 268,241.01 "," 10,729.64 "," 8,047.23 "," 5,364.82 "," 16,094.46 "," 40,236.15 "," 280,647.00 "," 3,650.00 "
2018,Ekiti,Rice," 247,587.12 "," 9,903.48 "," 7,427.61 "," 4,951.74 "," 14,855.23 "," 37,138.06 "," 320,985.00 "," 3,650.00 "
2018,Enugu,Rice," 60,060.55 "," 2,402.42 "," 1,801.82 "," 1,201.21 "," 3,603.63 "," 9,009.08 "," 288,998.00 "," 3,650.00 "
2018,FCT,Rice," 53,273.22 "," 2,130.93 "," 1,598.20 "," 1,065.46 "," 3,196.39 "," 7,990.98 "," 314,553.00 "," 3,650.00 "
2018,Gombe,Rice," 53,057.74 "," 2,122.31 "," 1,591.73 "," 1,061.15 "," 3,183.46 "," 7,958.65 "," 285,665.00 "," 3,650.00 "
2018,Imo,Rice," 86,441.96 "," 3,457.68 "," 2,593.26 "," 1,728.84 "," 5,186.52 "," 12,966.30 "," 303,424.00 "," 3,650.00 "
2018,Jigawa,Rice," 960,099.73 "," 38,403.99 "," 28,802.99 "," 19,201.99 "," 57,605.98 "," 144,014.95 "," 298,984.00 "," 3,650.00 "
2018,Kaduna,Rice," 122,017.85 "," 4,880.71 "," 3,660.54 "," 2,440.36 "," 7,321.07 "," 18,302.68 "," 309,181.00 "," 3,650.00 "
2018,Kano,Rice," 904,958.52 "," 36,198.34 "," 27,148.76 "," 18,099.17 "," 54,297.51 "," 135,743.78 "," 297,151.00 "," 3,650.00 "
2018,Katsina,Rice," 175,039.65 "," 7,001.59 "," 5,251.19 "," 3,500.79 "," 10,502.38 "," 26,255.95 "," 300,311.00 "," 3,650.00 "
2018,Kebbi,Rice," 860,705.34 "," 34,428.21 "," 25,821.16 "," 17,214.11 "," 51,642.32 "," 129,105.80 "," 296,671.00 "," 3,650.00 "
2018,Kogi,Rice," 84,251.29 "," 3,370.05 "," 2,527.54 "," 1,685.03 "," 5,055.08 "," 12,637.70 "," 295,542.00 "," 3,650.00 "
2018,Kwara,Rice," 106,095.77 "," 4,243.83 "," 3,182.87 "," 2,121.92 "," 6,365.75 "," 15,914.37 "," 302,305.00 "," 3,650.00 "
2018,Lagos,Rice," 134,708.67 "," 5,388.35 "," 4,041.26 "," 2,694.17 "," 8,082.52 "," 20,206.30 "," 278,557.00 "," 3,650.00 "
2018,Nasarawa,Rice," 232,367.65 "," 9,294.71 "," 6,971.03 "," 4,647.35 "," 13,942.06 "," 34,855.15 "," 291,898.00 "," 3,650.00 "
2018,Niger,Rice," 878,323.22 "," 35,132.93 "," 26,349.70 "," 17,566.46 "," 52,699.39 "," 131,748.48 "," 266,219.00 "," 3,650.00 "
2018,Ogun,Rice," 144,950.07 "," 5,798.00 "," 4,348.50 "," 2,899.00 "," 8,697.00 "," 21,742.50 "," 308,637.00 "," 3,650.00 "
2018,Ondo,Rice," 173,328.25 "," 6,933.13 "," 5,199.85 "," 3,466.56 "," 10,399.70 "," 25,999.24 "," 308,855.00 "," 3,650.00 "
2018,Osun,Rice," 13,336.92 ", 533.48 , 400.11 , 266.74 , 800.22 ," 2,000.55 "," 288,507.00 "," 3,650.00 "
2018,Oyo,Rice," 167,999.32 "," 6,719.97 "," 5,039.98 "," 3,359.99 "," 10,079.96 "," 25,199.90 "," 281,966.00 "," 3,650.00 "
2018,Plateau,Rice," 48,554.26 "," 1,942.17 "," 1,456.63 ", 971.09 ," 2,913.26 "," 7,283.15 "," 267,974.00 "," 3,650.00 "
2018,Rivers,Rice," 18,124.59 ", 724.98 , 543.74 , 362.49 ," 1,087.48 "," 2,718.69 "," 297,736.00 "," 3,650.00 "
2018,Sokoto,Rice," 278,385.33 "," 11,135.41 "," 8,351.56 "," 5,567.71 "," 16,703.12 "," 41,757.80 "," 321,103.00 "," 3,650.00 "
2018,Taraba,Rice," 1,185,885.81 "," 47,435.43 "," 35,576.57 "," 23,717.72 "," 71,153.15 "," 177,882.87 "," 300,325.00 "," 3,650.00 "
2018,Yobe,Rice," 229,883.46 "," 9,195.34 "," 6,896.50 "," 4,597.67 "," 13,793.01 "," 34,482.52 "," 299,952.00 "," 3,650.00 "
2018,Zamfara,Rice," 89,804.45 "," 3,592.18 "," 2,694.13 "," 1,796.09 "," 5,388.27 "," 13,470.67 "," 269,710.00 "," 3,650.00 "
2018,Abia,Maize," 27,664.14 "," 1,383.21 "," 1,106.57 ", 829.92 ," 2,766.41 "," 6,086.11 "," 138,834.00 "," 3,650.00 "
2018,Adamawa,Maize," 193,288.76 "," 9,664.44 "," 7,731.55 "," 5,798.66 "," 19,328.88 "," 42,523.53 "," 131,868.00 "," 3,650.00 "
2018,Akwa Ibom,Maize," 126,904.05 "," 6,345.20 "," 5,076.16 "," 3,807.12 "," 12,690.40 "," 27,918.88 "," 121,796.00 "," 3,650.00 "
2018,Anambra,Maize," 34,399.21 "," 1,719.96 "," 1,375.97 "," 1,031.98 "," 3,439.92 "," 7,567.83 "," 125,697.00 "," 3,650.00 "
2018,Bauchi,Maize," 951,625.07 "," 47,581.25 "," 38,065.00 "," 28,548.75 "," 95,162.51 "," 209,357.51 "," 117,628.00 "," 3,650.00 "
2018,Bayelsa,Maize," 10,154.59 ", 507.73 , 406.18 , 304.64 ," 1,015.46 "," 2,234.01 "," 124,099.00 "," 3,650.00 "
2018,Benue,Maize," 260,362.57 "," 13,018.13 "," 10,414.50 "," 7,810.88 "," 26,036.26 "," 57,279.77 "," 124,766.00 "," 3,650.00 "
2018,Borno,Maize," 77,221.21 "," 3,861.06 "," 3,088.85 "," 2,316.64 "," 7,722.12 "," 16,988.67 "," 123,741.00 "," 3,650.00 "
2018,Cross River,Maize," 188,023.40 "," 9,401.17 "," 7,520.94 "," 5,640.70 "," 18,802.34 "," 41,365.15 "," 139,690.00 "," 3,650.00 "
2018,Delta,Maize," 92,136.38 "," 4,606.82 "," 3,685.46 "," 2,764.09 "," 9,213.64 "," 20,270.01 "," 121,838.00 "," 3,650.00 "
2018,Ebonyi,Maize," 153,139.06 "," 7,656.95 "," 6,125.56 "," 4,594.17 "," 15,313.91 "," 33,690.59 "," 128,912.00 "," 3,650.00 "
2018,Edo,Maize," 155,989.05 "," 7,799.45 "," 6,239.56 "," 4,679.67 "," 15,598.90 "," 34,317.58 "," 120,470.00 "," 3,650.00 "
2018,Ekiti,Maize," 50,617.40 "," 2,530.87 "," 2,024.70 "," 1,518.52 "," 5,061.74 "," 11,135.83 "," 135,926.00 "," 3,650.00 "
2018,Enugu,Maize," 277,018.75 "," 13,850.94 "," 11,080.75 "," 8,310.56 "," 27,701.88 "," 60,944.13 "," 128,358.00 "," 3,650.00 "
2018,FCT,Maize," 226,625.12 "," 11,331.26 "," 9,065.00 "," 6,798.75 "," 22,662.51 "," 49,857.52 "," 136,903.00 "," 3,650.00 "
2018,Gombe,Maize," 1,087,542.38 "," 54,377.12 "," 43,501.70 "," 32,626.27 "," 108,754.24 "," 239,259.33 "," 132,865.00 "," 3,650.00 "
2018,Imo,Maize," 246,424.62 "," 12,321.23 "," 9,856.98 "," 7,392.74 "," 24,642.46 "," 54,213.41 "," 136,535.00 "," 3,650.00 "
2018,Jigawa,Maize," 173,567.83 "," 8,678.39 "," 6,942.71 "," 5,207.03 "," 17,356.78 "," 38,184.91 "," 141,871.00 "," 3,650.00 "
2018,Kaduna,Maize," 1,072,594.28 "," 53,629.71 "," 42,903.77 "," 32,177.83 "," 107,259.43 "," 235,970.74 "," 118,483.00 "," 3,650.00 "
2018,Kano,Maize," 863,494.71 "," 43,174.74 "," 34,539.79 "," 25,904.84 "," 86,349.47 "," 189,968.84 "," 123,804.00 "," 3,650.00 "
2018,Katsina,Maize," 890,331.28 "," 44,516.56 "," 35,613.25 "," 26,709.94 "," 89,033.13 "," 195,872.88 "," 140,562.00 "," 3,650.00 "
2018,Kebbi,Maize," 12,602.66 ", 630.13 , 504.11 , 378.08 ," 1,260.27 "," 2,772.59 "," 124,070.00 "," 3,650.00 "
2018,Kogi,Maize," 95,394.56 "," 4,769.73 "," 3,815.78 "," 2,861.84 "," 9,539.46 "," 20,986.81 "," 128,693.00 "," 3,650.00 "
2018,Kwara,Maize," 114,161.71 "," 5,708.09 "," 4,566.47 "," 3,424.85 "," 11,416.17 "," 25,115.58 "," 118,699.00 "," 3,650.00 "
2018,Lagos,Maize," 77,457.83 "," 3,872.89 "," 3,098.31 "," 2,323.73 "," 7,745.78 "," 17,040.71 "," 117,873.00 "," 3,650.00 "
2018,Nasarawa,Maize," 226,502.27 "," 11,325.11 "," 9,060.09 "," 6,795.07 "," 22,650.23 "," 49,830.50 "," 140,567.00 "," 3,650.00 "
2018,Niger,Maize," 98,285.22 "," 4,914.26 "," 3,931.41 "," 2,948.56 "," 9,828.52 "," 21,622.75 "," 130,842.00 "," 3,650.00 "
2018,Ogun,Maize," 79,580.00 "," 3,979.00 "," 3,183.20 "," 2,387.40 "," 7,958.00 "," 17,507.60 "," 126,030.00 "," 3,650.00 "
2018,Ondo,Maize," 161,309.61 "," 8,065.48 "," 6,452.38 "," 4,839.29 "," 16,130.96 "," 35,488.11 "," 117,567.00 "," 3,650.00 "
2018,Osun,Maize," 40,937.23 "," 2,046.86 "," 1,637.49 "," 1,228.12 "," 4,093.72 "," 9,006.19 "," 142,048.00 "," 3,650.00 "
2018,Oyo,Maize," 1,093,243.79 "," 54,662.19 "," 43,729.75 "," 32,797.31 "," 109,324.38 "," 240,513.63 "," 141,357.00 "," 3,650.00 "
2018,Plateau,Maize," 839,392.06 "," 41,969.60 "," 33,575.68 "," 25,181.76 "," 83,939.21 "," 184,666.25 "," 127,888.00 "," 3,650.00 "
2018,Rivers,Maize," 275,296.95 "," 13,764.85 "," 11,011.88 "," 8,258.91 "," 27,529.70 "," 60,565.34 "," 136,001.00 "," 3,650.00 "
2018,Sokoto,Maize," 231,338.10 "," 11,566.90 "," 9,253.52 "," 6,940.14 "," 23,133.81 "," 50,894.37 "," 123,669.00 "," 3,650.00 "
2018,Taraba,Maize," 57,670.53 "," 2,883.53 "," 2,306.82 "," 1,730.12 "," 5,767.05 "," 12,687.52 "," 122,150.00 "," 3,650.00 "
2018,Yobe,Maize," 1,588.59 ", 79.43 , 63.54 , 47.66 , 158.86 , 349.49 ," 129,062.00 "," 3,650.00 "
2018,Zamfara,Maize," 244,067.78 "," 12,203.39 "," 9,762.71 "," 7,322.03 "," 24,406.78 "," 53,694.91 "," 132,821.00 "," 3,650.00 "
2018,Abia,Sorghum," 130,323.72 "," 5,212.95 "," 3,909.71 "," 2,606.47 "," 10,425.90 "," 22,155.03 "," 112,583.00 "," 3,390.00 "
2018,Adamawa,Sorghum," 131,702.02 "," 5,268.08 "," 3,951.06 "," 2,634.04 "," 10,536.16 "," 22,389.34 "," 115,297.00 "," 3,390.00 "
2018,Akwa Ibom,Sorghum," 7,038.85 ", 281.55 , 211.17 , 140.78 , 563.11 ," 1,196.61 "," 130,555.00 "," 3,390.00 "
2018,Anambra,Sorghum," 13,945.10 ", 557.80 , 418.35 , 278.90 ," 1,115.61 "," 2,370.66 "," 122,570.00 "," 3,390.00 "
2018,Bauchi,Sorghum," 604,445.29 "," 24,177.81 "," 18,133.36 "," 12,088.91 "," 48,355.62 "," 102,755.70 "," 130,787.00 "," 3,390.00 "
2018,Bayelsa,Sorghum," 1,108.63 ", 44.35 , 33.26 , 22.17 , 88.69 , 188.47 ," 111,451.00 "," 3,390.00 "
2018,Benue,Sorghum," 738,154.40 "," 29,526.18 "," 22,144.63 "," 14,763.09 "," 59,052.35 "," 125,486.25 "," 123,062.00 "," 3,390.00 "
2018,Borno,Sorghum," 649,867.80 "," 25,994.71 "," 19,496.03 "," 12,997.36 "," 51,989.42 "," 110,477.52 "," 120,982.00 "," 3,390.00 "
2018,Cross River,Sorghum," 61,845.24 "," 2,473.81 "," 1,855.36 "," 1,236.90 "," 4,947.62 "," 10,513.69 "," 113,844.00 "," 3,390.00 "
2018,Delta,Sorghum, 621.38 , 24.86 , 18.64 , 12.43 , 49.71 , 105.64 ," 130,539.00 "," 3,390.00 "
2018,Ebonyi,Sorghum," 59,195.97 "," 2,367.84 "," 1,775.88 "," 1,183.92 "," 4,735.68 "," 10,063.32 "," 121,080.00 "," 3,390.00 "
2018,Edo,Sorghum," 60,333.22 "," 2,413.33 "," 1,810.00 "," 1,206.66 "," 4,826.66 "," 10,256.65 "," 125,683.00 "," 3,390.00 "
2018,Ekiti,Sorghum," 137,193.76 "," 5,487.75 "," 4,115.81 "," 2,743.88 "," 10,975.50 "," 23,322.94 "," 111,319.00 "," 3,390.00 "
2018,Enugu,Sorghum," 119,492.11 "," 4,779.68 "," 3,584.76 "," 2,389.84 "," 9,559.37 "," 20,313.65 "," 129,476.00 "," 3,390.00 "
2018,FCT,Sorghum," 165,398.36 "," 6,615.93 "," 4,961.95 "," 3,307.97 "," 13,231.87 "," 28,117.72 "," 111,067.00 "," 3,390.00 "
2018,Gombe,Sorghum," 90,923.30 "," 3,636.93 "," 2,727.70 "," 1,818.47 "," 7,273.86 "," 15,456.96 "," 114,713.00 "," 3,390.00 "
2018,Imo,Sorghum," 21,846.20 ", 873.85 , 655.39 , 436.92 ," 1,747.70 "," 3,713.86 "," 113,818.00 "," 3,390.00 "
2018,Jigawa,Sorghum," 131,243.82 "," 5,249.75 "," 3,937.31 "," 2,624.88 "," 10,499.51 "," 22,311.45 "," 128,264.00 "," 3,390.00 "
2018,Kaduna,Sorghum," 705,337.29 "," 28,213.49 "," 21,160.12 "," 14,106.75 "," 56,426.98 "," 119,907.34 "," 114,799.00 "," 3,390.00 "
2018,Kano,Sorghum," 691,814.35 "," 27,672.57 "," 20,754.43 "," 13,836.29 "," 55,345.15 "," 117,608.44 "," 131,261.00 "," 3,390.00 "
2018,Katsina,Sorghum," 149,663.57 "," 5,986.54 "," 4,489.91 "," 2,993.27 "," 11,973.09 "," 25,442.81 "," 115,626.00 "," 3,390.00 "
2018,Kebbi,Sorghum," 91,981.74 "," 3,679.27 "," 2,759.45 "," 1,839.63 "," 7,358.54 "," 15,636.89 "," 133,833.00 "," 3,390.00 "
2018,Kogi,Sorghum," 100,510.76 "," 4,020.43 "," 3,015.32 "," 2,010.22 "," 8,040.86 "," 17,086.83 "," 110,462.00 "," 3,390.00 "
2018,Kwara,Sorghum," 76,550.72 "," 3,062.03 "," 2,296.52 "," 1,531.01 "," 6,124.06 "," 13,013.62 "," 121,119.00 "," 3,390.00 "
2018,Lagos,Sorghum, 247.64 , 9.91 , 7.43 , 4.95 , 19.81 , 42.10 ," 122,944.00 "," 3,390.00 "
2018,Nasarawa,Sorghum," 20,191.53 ", 807.66 , 605.75 , 403.83 ," 1,615.32 "," 3,432.56 "," 112,373.00 "," 3,390.00 "
2018,Niger,Sorghum," 5,975.39 ", 239.02 , 179.26 , 119.51 , 478.03 ," 1,015.82 "," 129,859.00 "," 3,390.00 "
2018,Ogun,Sorghum," 117,703.64 "," 4,708.15 "," 3,531.11 "," 2,354.07 "," 9,416.29 "," 20,009.62 "," 128,724.00 "," 3,390.00 "
2018,Ondo,Sorghum," 61,576.71 "," 2,463.07 "," 1,847.30 "," 1,231.53 "," 4,926.14 "," 10,468.04 "," 114,771.00 "," 3,390.00 "
2018,Osun,Sorghum," 95,420.25 "," 3,816.81 "," 2,862.61 "," 1,908.40 "," 7,633.62 "," 16,221.44 "," 116,806.00 "," 3,390.00 "
2018,Oyo,Sorghum," 174,860.41 "," 6,994.42 "," 5,245.81 "," 3,497.21 "," 13,988.83 "," 29,726.27 "," 123,893.00 "," 3,390.00 "
2018,Plateau,Sorghum," 47,292.45 "," 1,891.70 "," 1,418.77 ", 945.85 ," 3,783.40 "," 8,039.72 "," 129,269.00 "," 3,390.00 "
2018,Rivers,Sorghum," 3,800.97 ", 152.04 , 114.03 , 76.02 , 304.08 , 646.17 ," 132,128.00 "," 3,390.00 "
2018,Sokoto,Sorghum," 705,314.76 "," 28,212.59 "," 21,159.44 "," 14,106.30 "," 56,425.18 "," 119,903.51 "," 113,654.00 "," 3,390.00 "
2018,Taraba,Sorghum," 43,667.20 "," 1,746.69 "," 1,310.02 ", 873.34 ," 3,493.38 "," 7,423.43 "," 129,155.00 "," 3,390.00 "
2018,Yobe,Sorghum," 14,145.65 ", 565.83 , 424.37 , 282.91 ," 1,131.65 "," 2,404.76 "," 130,715.00 "," 3,390.00 "
2018,Zamfara,Sorghum," 640,811.23 "," 25,632.45 "," 19,224.34 "," 12,816.22 "," 51,264.90 "," 108,937.91 "," 116,556.00 "," 3,390.00 "
2019,Abia,Rice," 117,706.49 "," 4,708.26 "," 3,531.19 "," 2,354.13 "," 7,062.39 "," 17,655.97 "," 311,855.00 "," 3,650.00 "
2019,Adamawa,Rice," 276,507.48 "," 11,060.30 "," 8,295.22 "," 5,530.15 "," 16,590.45 "," 41,476.12 "," 314,779.00 "," 3,650.00 "
2019,Akwa Ibom,Rice," 228,078.66 "," 9,123.15 "," 6,842.36 "," 4,561.57 "," 13,684.72 "," 34,211.80 "," 346,368.00 "," 3,650.00 "
2019,Anambra,Rice," 173,219.20 "," 6,928.77 "," 5,196.58 "," 3,464.38 "," 10,393.15 "," 25,982.88 "," 331,989.00 "," 3,650.00 "
2019,Bauchi,Rice," 47,309.69 "," 1,892.39 "," 1,419.29 ", 946.19 ," 2,838.58 "," 7,096.45 "," 308,008.00 "," 3,650.00 "
2019,Bayelsa,Rice," 48,551.50 "," 1,942.06 "," 1,456.54 ", 971.03 ," 2,913.09 "," 7,282.72 "," 356,402.00 "," 3,650.00 "
2019,Benue,Rice," 917,213.23 "," 36,688.53 "," 27,516.40 "," 18,344.26 "," 55,032.79 "," 137,581.98 "," 367,390.00 "," 3,650.00 "
2019,Borno,Rice," 257,522.24 "," 10,300.89 "," 7,725.67 "," 5,150.44 "," 15,451.33 "," 38,628.33 "," 368,532.00 "," 3,650.00 "
2019,Cross River,Rice," 183,224.94 "," 7,329.00 "," 5,496.75 "," 3,664.50 "," 10,993.50 "," 27,483.75 "," 345,049.00 "," 3,650.00 "
2019,Delta,Rice," 205,171.69 "," 8,206.87 "," 6,155.15 "," 4,103.43 "," 12,310.30 "," 30,775.75 "," 361,665.00 "," 3,650.00 "
2019,Ebonyi,Rice," 898,928.85 "," 35,957.15 "," 26,967.87 "," 17,978.58 "," 53,935.73 "," 134,839.33 "," 313,302.00 "," 3,650.00 "
2019,Edo,Rice," 276,583.22 "," 11,063.33 "," 8,297.50 "," 5,531.66 "," 16,594.99 "," 41,487.48 "," 340,015.00 "," 3,650.00 "
2019,Ekiti,Rice," 250,228.93 "," 10,009.16 "," 7,506.87 "," 5,004.58 "," 15,013.74 "," 37,534.35 "," 350,740.00 "," 3,650.00 "
2019,Enugu,Rice," 66,138.02 "," 2,645.52 "," 1,984.14 "," 1,322.76 "," 3,968.28 "," 9,920.70 "," 307,736.00 "," 3,650.00 "
2019,FCT,Rice," 55,768.32 "," 2,230.73 "," 1,673.05 "," 1,115.37 "," 3,346.10 "," 8,365.25 "," 314,994.00 "," 3,650.00 "
2019,Gombe,Rice," 56,949.28 "," 2,277.97 "," 1,708.48 "," 1,138.99 "," 3,416.96 "," 8,542.40 "," 357,441.00 "," 3,650.00 "
2019,Imo,Rice," 91,576.16 "," 3,663.05 "," 2,747.28 "," 1,831.52 "," 5,494.57 "," 13,736.42 "," 350,128.00 "," 3,650.00 "
2019,Jigawa,Rice," 1,037,016.21 "," 41,480.65 "," 31,110.49 "," 20,740.32 "," 62,220.97 "," 155,552.43 "," 334,062.00 "," 3,650.00 "
2019,Kaduna,Rice," 133,650.91 "," 5,346.04 "," 4,009.53 "," 2,673.02 "," 8,019.05 "," 20,047.64 "," 333,262.00 "," 3,650.00 "
2019,Kano,Rice," 972,597.01 "," 38,903.88 "," 29,177.91 "," 19,451.94 "," 58,355.82 "," 145,889.55 "," 335,611.00 "," 3,650.00 "
2019,Katsina,Rice," 189,438.66 "," 7,577.55 "," 5,683.16 "," 3,788.77 "," 11,366.32 "," 28,415.80 "," 324,925.00 "," 3,650.00 "
2019,Kebbi,Rice," 910,437.01 "," 36,417.48 "," 27,313.11 "," 18,208.74 "," 54,626.22 "," 136,565.55 "," 350,247.00 "," 3,650.00 "
2019,Kogi,Rice," 90,432.39 "," 3,617.30 "," 2,712.97 "," 1,808.65 "," 5,425.94 "," 13,564.86 "," 309,162.00 "," 3,650.00 "
2019,Kwara,Rice," 106,969.13 "," 4,278.77 "," 3,209.07 "," 2,139.38 "," 6,418.15 "," 16,045.37 "," 311,940.00 "," 3,650.00 "
2019,Lagos,Rice," 134,639.30 "," 5,385.57 "," 4,039.18 "," 2,692.79 "," 8,078.36 "," 20,195.90 "," 332,663.00 "," 3,650.00 "
2019,Nasarawa,Rice," 241,232.61 "," 9,649.30 "," 7,236.98 "," 4,824.65 "," 14,473.96 "," 36,184.89 "," 346,157.00 "," 3,650.00 "
2019,Niger,Rice," 970,780.29 "," 38,831.21 "," 29,123.41 "," 19,415.61 "," 58,246.82 "," 145,617.05 "," 326,079.00 "," 3,650.00 "
2019,Ogun,Rice," 159,418.01 "," 6,376.72 "," 4,782.54 "," 3,188.36 "," 9,565.08 "," 23,912.70 "," 334,070.00 "," 3,650.00 "
2019,Ondo,Rice," 186,099.33 "," 7,443.97 "," 5,582.98 "," 3,721.99 "," 11,165.96 "," 27,914.90 "," 345,014.00 "," 3,650.00 "
2019,Osun,Rice," 13,404.24 ", 536.17 , 402.13 , 268.08 , 804.25 ," 2,010.63 "," 347,839.00 "," 3,650.00 "
2019,Oyo,Rice," 178,941.22 "," 7,157.65 "," 5,368.24 "," 3,578.82 "," 10,736.47 "," 26,841.18 "," 348,521.00 "," 3,650.00 "
2019,Plateau,Rice," 48,918.86 "," 1,956.75 "," 1,467.57 ", 978.38 ," 2,935.13 "," 7,337.83 "," 314,152.00 "," 3,650.00 "
2019,Rivers,Rice," 20,194.53 ", 807.78 , 605.84 , 403.89 ," 1,211.67 "," 3,029.18 "," 317,666.00 "," 3,650.00 "
2019,Sokoto,Rice," 294,039.01 "," 11,761.56 "," 8,821.17 "," 5,880.78 "," 17,642.34 "," 44,105.85 "," 321,167.00 "," 3,650.00 "
2019,Taraba,Rice," 1,205,781.65 "," 48,231.27 "," 36,173.45 "," 24,115.63 "," 72,346.90 "," 180,867.25 "," 349,046.00 "," 3,650.00 "
2019,Yobe,Rice," 242,643.69 "," 9,705.75 "," 7,279.31 "," 4,852.87 "," 14,558.62 "," 36,396.55 "," 322,916.00 "," 3,650.00 "
2019,Zamfara,Rice," 88,691.48 "," 3,547.66 "," 2,660.74 "," 1,773.83 "," 5,321.49 "," 13,303.72 "," 304,630.00 "," 3,650.00 "
2019,Abia,Maize," 27,368.35 "," 1,368.42 "," 1,094.73 ", 821.05 ," 2,736.84 "," 6,021.04 "," 149,441.00 "," 3,650.00 "
2019,Adamawa,Maize," 204,132.04 "," 10,206.60 "," 8,165.28 "," 6,123.96 "," 20,413.20 "," 44,909.04 "," 155,764.00 "," 3,650.00 "
2019,Akwa Ibom,Maize," 129,147.00 "," 6,457.35 "," 5,165.88 "," 3,874.41 "," 12,914.70 "," 28,412.34 "," 153,364.00 "," 3,650.00 "
2019,Anambra,Maize," 35,455.19 "," 1,772.76 "," 1,418.21 "," 1,063.66 "," 3,545.52 "," 7,800.15 "," 138,048.00 "," 3,650.00 "
2019,Bauchi,Maize," 1,039,632.92 "," 51,981.65 "," 41,585.32 "," 31,188.99 "," 103,963.29 "," 228,719.25 "," 149,951.00 "," 3,650.00 "
2019,Bayelsa,Maize," 9,887.98 ", 494.40 , 395.52 , 296.64 , 988.80 ," 2,175.36 "," 133,718.00 "," 3,650.00 "
2019,Benue,Maize," 258,516.72 "," 12,925.84 "," 10,340.67 "," 7,755.50 "," 25,851.67 "," 56,873.68 "," 143,850.00 "," 3,650.00 "
2019,Borno,Maize," 76,658.24 "," 3,832.91 "," 3,066.33 "," 2,299.75 "," 7,665.82 "," 16,864.81 "," 146,352.00 "," 3,650.00 "
2019,Cross River,Maize," 187,090.70 "," 9,354.54 "," 7,483.63 "," 5,612.72 "," 18,709.07 "," 41,159.96 "," 158,827.00 "," 3,650.00 "
2019,Delta,Maize," 85,622.00 "," 4,281.10 "," 3,424.88 "," 2,568.66 "," 8,562.20 "," 18,836.84 "," 142,753.00 "," 3,650.00 "
2019,Ebonyi,Maize," 141,833.18 "," 7,091.66 "," 5,673.33 "," 4,255.00 "," 14,183.32 "," 31,203.31 "," 151,957.00 "," 3,650.00 "
2019,Edo,Maize," 162,787.84 "," 8,139.39 "," 6,511.51 "," 4,883.64 "," 16,278.78 "," 35,813.32 "," 138,621.00 "," 3,650.00 "
2019,Ekiti,Maize," 54,726.46 "," 2,736.32 "," 2,189.06 "," 1,641.79 "," 5,472.65 "," 12,039.82 "," 138,974.00 "," 3,650.00 "
2019,Enugu,Maize," 288,499.95 "," 14,425.00 "," 11,540.00 "," 8,655.00 "," 28,850.00 "," 63,470.00 "," 152,364.00 "," 3,650.00 "
2019,FCT,Maize," 228,295.51 "," 11,414.78 "," 9,131.82 "," 6,848.87 "," 22,829.55 "," 50,225.02 "," 131,022.00 "," 3,650.00 "
2019,Gombe,Maize," 1,178,057.55 "," 58,902.88 "," 47,122.30 "," 35,341.73 "," 117,805.76 "," 259,172.67 "," 151,573.00 "," 3,650.00 "
2019,Imo,Maize," 250,756.96 "," 12,537.85 "," 10,030.28 "," 7,522.71 "," 25,075.70 "," 55,166.54 "," 154,552.00 "," 3,650.00 "
2019,Jigawa,Maize," 167,152.20 "," 8,357.61 "," 6,686.09 "," 5,014.57 "," 16,715.22 "," 36,773.49 "," 155,809.00 "," 3,650.00 "
2019,Kaduna,Maize," 1,077,483.96 "," 53,874.20 "," 43,099.36 "," 32,324.52 "," 107,748.40 "," 237,046.48 "," 150,906.00 "," 3,650.00 "
2019,Kano,Maize," 886,314.07 "," 44,315.70 "," 35,452.56 "," 26,589.42 "," 88,631.41 "," 194,989.09 "," 133,299.00 "," 3,650.00 "
2019,Katsina,Maize," 889,866.79 "," 44,493.34 "," 35,594.67 "," 26,696.00 "," 88,986.68 "," 195,770.69 "," 130,859.00 "," 3,650.00 "
2019,Kebbi,Maize," 12,886.03 ", 644.30 , 515.44 , 386.58 ," 1,288.60 "," 2,834.92 "," 139,236.00 "," 3,650.00 "
2019,Kogi,Maize," 93,897.16 "," 4,694.86 "," 3,755.89 "," 2,816.91 "," 9,389.72 "," 20,657.38 "," 139,119.00 "," 3,650.00 "
2019,Kwara,Maize," 108,865.14 "," 5,443.26 "," 4,354.61 "," 3,265.95 "," 10,886.51 "," 23,950.33 "," 152,052.00 "," 3,650.00 "
2019,Lagos,Maize," 74,049.88 "," 3,702.49 "," 2,962.00 "," 2,221.50 "," 7,404.99 "," 16,290.98 "," 156,683.00 "," 3,650.00 "
2019,Nasarawa,Maize," 245,205.10 "," 12,260.26 "," 9,808.20 "," 7,356.15 "," 24,520.51 "," 53,945.12 "," 149,866.00 "," 3,650.00 "
2019,Niger,Maize," 102,914.13 "," 5,145.71 "," 4,116.57 "," 3,087.42 "," 10,291.41 "," 22,641.11 "," 156,376.00 "," 3,650.00 "
2019,Ogun,Maize," 77,767.24 "," 3,888.36 "," 3,110.69 "," 2,333.02 "," 7,776.72 "," 17,108.79 "," 132,790.00 "," 3,650.00 "
2019,Ondo,Maize," 151,067.47 "," 7,553.37 "," 6,042.70 "," 4,532.02 "," 15,106.75 "," 33,234.84 "," 153,542.00 "," 3,650.00 "
2019,Osun,Maize," 38,403.30 "," 1,920.17 "," 1,536.13 "," 1,152.10 "," 3,840.33 "," 8,448.73 "," 147,401.00 "," 3,650.00 "
2019,Oyo,Maize," 1,140,544.74 "," 57,027.24 "," 45,621.79 "," 34,216.34 "," 114,054.47 "," 250,919.84 "," 155,315.00 "," 3,650.00 "
2019,Plateau,Maize," 880,621.32 "," 44,031.07 "," 35,224.85 "," 26,418.64 "," 88,062.13 "," 193,736.69 "," 132,345.00 "," 3,650.00 "
2019,Rivers,Maize," 291,408.78 "," 14,570.44 "," 11,656.35 "," 8,742.26 "," 29,140.88 "," 64,109.93 "," 147,870.00 "," 3,650.00 "
2019,Sokoto,Maize," 212,216.14 "," 10,610.81 "," 8,488.65 "," 6,366.48 "," 21,221.61 "," 46,687.55 "," 133,221.00 "," 3,650.00 "
2019,Taraba,Maize," 59,121.37 "," 2,956.07 "," 2,364.85 "," 1,773.64 "," 5,912.14 "," 13,006.70 "," 149,906.00 "," 3,650.00 "
2019,Yobe,Maize," 1,630.25 ", 81.51 , 65.21 , 48.91 , 163.02 , 358.65 ," 155,990.00 "," 3,650.00 "
2019,Zamfara,Maize," 234,739.67 "," 11,736.98 "," 9,389.59 "," 7,042.19 "," 23,473.97 "," 51,642.73 "," 145,505.00 "," 3,650.00 "
2019,Abia,Sorghum," 132,353.51 "," 5,294.14 "," 3,970.61 "," 2,647.07 "," 10,588.28 "," 22,500.10 "," 131,020.00 "," 3,390.00 "
2019,Adamawa,Sorghum," 136,558.19 "," 5,462.33 "," 4,096.75 "," 2,731.16 "," 10,924.66 "," 23,214.90 "," 143,449.00 "," 3,390.00 "
2019,Akwa Ibom,Sorghum," 7,345.42 ", 293.82 , 220.36 , 146.91 , 587.63 ," 1,248.72 "," 146,676.00 "," 3,390.00 "
2019,Anambra,Sorghum," 13,882.37 ", 555.29 , 416.47 , 277.65 ," 1,110.59 "," 2,360.00 "," 138,912.00 "," 3,390.00 "
2019,Bauchi,Sorghum," 641,567.22 "," 25,662.69 "," 19,247.02 "," 12,831.34 "," 51,325.38 "," 109,066.43 "," 138,494.00 "," 3,390.00 "
2019,Bayelsa,Sorghum," 1,114.51 ", 44.58 , 33.44 , 22.29 , 89.16 , 189.47 ," 128,858.00 "," 3,390.00 "
2019,Benue,Sorghum," 729,304.18 "," 29,172.17 "," 21,879.13 "," 14,586.08 "," 58,344.33 "," 123,981.71 "," 125,234.00 "," 3,390.00 "
2019,Borno,Sorghum," 675,297.31 "," 27,011.89 "," 20,258.92 "," 13,505.95 "," 54,023.78 "," 114,800.54 "," 135,664.00 "," 3,390.00 "
2019,Cross River,Sorghum," 63,341.91 "," 2,533.68 "," 1,900.26 "," 1,266.84 "," 5,067.35 "," 10,768.13 "," 148,254.00 "," 3,390.00 "
2019,Delta,Sorghum, 605.24 , 24.21 , 18.16 , 12.10 , 48.42 , 102.89 ," 142,625.00 "," 3,390.00 "
2019,Ebonyi,Sorghum," 58,673.70 "," 2,346.95 "," 1,760.21 "," 1,173.47 "," 4,693.90 "," 9,974.53 "," 139,647.00 "," 3,390.00 "
2019,Edo,Sorghum," 58,683.80 "," 2,347.35 "," 1,760.51 "," 1,173.68 "," 4,694.70 "," 9,976.24 "," 129,319.00 "," 3,390.00 "
2019,Ekiti,Sorghum," 135,669.67 "," 5,426.79 "," 4,070.09 "," 2,713.39 "," 10,853.57 "," 23,063.84 "," 135,251.00 "," 3,390.00 "
2019,Enugu,Sorghum," 114,752.07 "," 4,590.08 "," 3,442.56 "," 2,295.04 "," 9,180.17 "," 19,507.85 "," 126,208.00 "," 3,390.00 "
2019,FCT,Sorghum," 163,553.89 "," 6,542.16 "," 4,906.62 "," 3,271.08 "," 13,084.31 "," 27,804.17 "," 148,825.00 "," 3,390.00 "
2019,Gombe,Sorghum," 87,536.36 "," 3,501.45 "," 2,626.09 "," 1,750.73 "," 7,002.91 "," 14,881.18 "," 135,511.00 "," 3,390.00 "
2019,Imo,Sorghum," 21,864.67 ", 874.59 , 655.94 , 437.29 ," 1,749.17 "," 3,716.99 "," 139,013.00 "," 3,390.00 "
2019,Jigawa,Sorghum," 131,535.67 "," 5,261.43 "," 3,946.07 "," 2,630.71 "," 10,522.85 "," 22,361.06 "," 128,030.00 "," 3,390.00 "
2019,Kaduna,Sorghum," 710,286.25 "," 28,411.45 "," 21,308.59 "," 14,205.72 "," 56,822.90 "," 120,748.66 "," 122,549.00 "," 3,390.00 "
2019,Kano,Sorghum," 638,433.04 "," 25,537.32 "," 19,152.99 "," 12,768.66 "," 51,074.64 "," 108,533.61 "," 128,358.00 "," 3,390.00 "
2019,Katsina,Sorghum," 138,634.31 "," 5,545.37 "," 4,159.03 "," 2,772.69 "," 11,090.74 "," 23,567.83 "," 125,338.00 "," 3,390.00 "
2019,Kebbi,Sorghum," 91,606.81 "," 3,664.27 "," 2,748.20 "," 1,832.14 "," 7,328.54 "," 15,573.15 "," 144,230.00 "," 3,390.00 "
2019,Kogi,Sorghum," 99,273.50 "," 3,970.94 "," 2,978.20 "," 1,985.47 "," 7,941.88 "," 16,876.49 "," 136,344.00 "," 3,390.00 "
2019,Kwara,Sorghum," 78,949.79 "," 3,157.99 "," 2,368.49 "," 1,579.00 "," 6,315.98 "," 13,421.46 "," 147,743.00 "," 3,390.00 "
2019,Lagos,Sorghum, 237.18 , 9.49 , 7.12 , 4.74 , 18.97 , 40.32 ," 124,768.00 "," 3,390.00 "
2019,Nasarawa,Sorghum," 20,581.51 ", 823.26 , 617.45 , 411.63 ," 1,646.52 "," 3,498.86 "," 125,496.00 "," 3,390.00 "
2019,Niger,Sorghum," 5,834.38 ", 233.38 , 175.03 , 116.69 , 466.75 , 991.85 ," 136,201.00 "," 3,390.00 "
2019,Ogun,Sorghum," 124,488.31 "," 4,979.53 "," 3,734.65 "," 2,489.77 "," 9,959.06 "," 21,163.01 "," 135,824.00 "," 3,390.00 "
2019,Ondo,Sorghum," 60,471.93 "," 2,418.88 "," 1,814.16 "," 1,209.44 "," 4,837.75 "," 10,280.23 "," 149,404.00 "," 3,390.00 "
2019,Osun,Sorghum," 92,359.28 "," 3,694.37 "," 2,770.78 "," 1,847.19 "," 7,388.74 "," 15,701.08 "," 129,872.00 "," 3,390.00 "
2019,Oyo,Sorghum," 169,321.22 "," 6,772.85 "," 5,079.64 "," 3,386.42 "," 13,545.70 "," 28,784.61 "," 133,873.00 "," 3,390.00 "
2019,Plateau,Sorghum," 46,586.80 "," 1,863.47 "," 1,397.60 ", 931.74 ," 3,726.94 "," 7,919.75 "," 147,087.00 "," 3,390.00 "
2019,Rivers,Sorghum," 3,951.78 ", 158.07 , 118.55 , 79.04 , 316.14 , 671.80 ," 138,935.00 "," 3,390.00 "
2019,Sokoto,Sorghum," 694,625.41 "," 27,785.02 "," 20,838.76 "," 13,892.51 "," 55,570.03 "," 118,086.32 "," 144,807.00 "," 3,390.00 "
2019,Taraba,Sorghum," 45,103.98 "," 1,804.16 "," 1,353.12 ", 902.08 ," 3,608.32 "," 7,667.68 "," 144,736.00 "," 3,390.00 "
2019,Yobe,Sorghum," 13,791.40 ", 551.66 , 413.74 , 275.83 ," 1,103.31 "," 2,344.54 "," 139,710.00 "," 3,390.00 "
2019,Zamfara,Sorghum," 592,452.91 "," 23,698.12 "," 17,773.59 "," 11,849.06 "," 47,396.23 "," 100,717.00 "," 129,406.00 "," 3,390.00 "
2020,Abia,Rice," 108,273.59 "," 4,330.94 "," 3,248.21 "," 2,165.47 "," 6,496.42 "," 16,241.04 "," 387,888.00 "," 3,650.00 "
2020,Adamawa,Rice," 292,864.50 "," 11,714.58 "," 8,785.94 "," 5,857.29 "," 17,571.87 "," 43,929.68 "," 350,701.00 "," 3,650.00 "
2020,Akwa Ibom,Rice," 218,786.75 "," 8,751.47 "," 6,563.60 "," 4,375.73 "," 13,127.20 "," 32,818.00 "," 376,673.00 "," 3,650.00 "
2020,Anambra,Rice," 178,666.24 "," 7,146.65 "," 5,359.99 "," 3,573.32 "," 10,719.97 "," 26,799.93 "," 351,197.00 "," 3,650.00 "
2020,Bauchi,Rice," 46,798.29 "," 1,871.93 "," 1,403.95 ", 935.97 ," 2,807.90 "," 7,019.75 "," 399,089.00 "," 3,650.00 "
2020,Bayelsa,Rice," 45,149.70 "," 1,805.99 "," 1,354.49 ", 902.99 ," 2,708.98 "," 6,772.45 "," 348,093.00 "," 3,650.00 "
2020,Benue,Rice," 911,347.02 "," 36,453.88 "," 27,340.41 "," 18,226.94 "," 54,680.82 "," 136,702.05 "," 413,571.00 "," 3,650.00 "
2020,Borno,Rice," 266,350.85 "," 10,654.03 "," 7,990.53 "," 5,327.02 "," 15,981.05 "," 39,952.63 "," 393,578.00 "," 3,650.00 "
2020,Cross River,Rice," 179,269.71 "," 7,170.79 "," 5,378.09 "," 3,585.39 "," 10,756.18 "," 26,890.45 "," 387,118.00 "," 3,650.00 "
2020,Delta,Rice," 203,634.87 "," 8,145.39 "," 6,109.05 "," 4,072.70 "," 12,218.09 "," 30,545.23 "," 390,343.00 "," 3,650.00 "
2020,Ebonyi,Rice," 951,188.74 "," 38,047.55 "," 28,535.66 "," 19,023.77 "," 57,071.32 "," 142,678.30 "," 388,555.00 "," 3,650.00 "
2020,Edo,Rice," 304,265.61 "," 12,170.62 "," 9,127.97 "," 6,085.31 "," 18,255.94 "," 45,639.84 "," 397,021.00 "," 3,650.00 "
2020,Ekiti,Rice," 242,182.34 "," 9,687.29 "," 7,265.47 "," 4,843.65 "," 14,530.94 "," 36,327.35 "," 410,586.00 "," 3,650.00 "
2020,Enugu,Rice," 61,428.29 "," 2,457.13 "," 1,842.85 "," 1,228.57 "," 3,685.70 "," 9,214.25 "," 382,581.00 "," 3,650.00 "
2020,FCT,Rice," 53,016.94 "," 2,120.68 "," 1,590.51 "," 1,060.34 "," 3,181.02 "," 7,952.55 "," 342,889.00 "," 3,650.00 "
2020,Gombe,Rice," 55,029.89 "," 2,201.20 "," 1,650.90 "," 1,100.60 "," 3,301.79 "," 8,254.49 "," 364,423.00 "," 3,650.00 "
2020,Imo,Rice," 91,875.34 "," 3,675.01 "," 2,756.26 "," 1,837.51 "," 5,512.52 "," 13,781.30 "," 385,867.00 "," 3,650.00 "
2020,Jigawa,Rice," 1,017,268.38 "," 40,690.74 "," 30,518.05 "," 20,345.37 "," 61,036.10 "," 152,590.26 "," 351,348.00 "," 3,650.00 "
2020,Kaduna,Rice," 131,388.00 "," 5,255.52 "," 3,941.64 "," 2,627.76 "," 7,883.28 "," 19,708.20 "," 368,080.00 "," 3,650.00 "
2020,Kano,Rice," 1,018,090.86 "," 40,723.63 "," 30,542.73 "," 20,361.82 "," 61,085.45 "," 152,713.63 "," 391,574.00 "," 3,650.00 "
2020,Katsina,Rice," 191,421.52 "," 7,656.86 "," 5,742.65 "," 3,828.43 "," 11,485.29 "," 28,713.23 "," 394,629.00 "," 3,650.00 "
2020,Kebbi,Rice," 942,743.94 "," 37,709.76 "," 28,282.32 "," 18,854.88 "," 56,564.64 "," 141,411.60 "," 393,145.00 "," 3,650.00 "
2020,Kogi,Rice," 86,361.37 "," 3,454.45 "," 2,590.84 "," 1,727.23 "," 5,181.68 "," 12,954.20 "," 365,279.00 "," 3,650.00 "
2020,Kwara,Rice," 113,991.02 "," 4,559.64 "," 3,419.73 "," 2,279.82 "," 6,839.46 "," 17,098.65 "," 375,927.00 "," 3,650.00 "
2020,Lagos,Rice," 142,032.68 "," 5,681.31 "," 4,260.98 "," 2,840.65 "," 8,521.96 "," 21,304.90 "," 404,504.00 "," 3,650.00 "
2020,Nasarawa,Rice," 245,930.52 "," 9,837.22 "," 7,377.92 "," 4,918.61 "," 14,755.83 "," 36,889.58 "," 411,664.00 "," 3,650.00 "
2020,Niger,Rice," 960,917.08 "," 38,436.68 "," 28,827.51 "," 19,218.34 "," 57,655.02 "," 144,137.55 "," 366,233.00 "," 3,650.00 "
2020,Ogun,Rice," 156,784.92 "," 6,271.40 "," 4,703.55 "," 3,135.70 "," 9,407.10 "," 23,517.75 "," 370,209.00 "," 3,650.00 "
2020,Ondo,Rice," 180,959.41 "," 7,238.38 "," 5,428.78 "," 3,619.19 "," 10,857.56 "," 27,143.91 "," 395,624.00 "," 3,650.00 "
2020,Osun,Rice," 14,311.45 ", 572.46 , 429.34 , 286.23 , 858.69 ," 2,146.72 "," 370,466.00 "," 3,650.00 "
2020,Oyo,Rice," 177,603.56 "," 7,104.14 "," 5,328.11 "," 3,552.07 "," 10,656.21 "," 26,640.53 "," 374,720.00 "," 3,650.00 "
2020,Plateau,Rice," 49,724.18 "," 1,988.97 "," 1,491.73 ", 994.48 ," 2,983.45 "," 7,458.63 "," 409,647.00 "," 3,650.00 "
2020,Rivers,Rice," 19,368.69 ", 774.75 , 581.06 , 387.37 ," 1,162.12 "," 2,905.30 "," 353,738.00 "," 3,650.00 "
2020,Sokoto,Rice," 273,329.87 "," 10,933.19 "," 8,199.90 "," 5,466.60 "," 16,399.79 "," 40,999.48 "," 391,082.00 "," 3,650.00 "
2020,Taraba,Rice," 1,215,641.59 "," 48,625.66 "," 36,469.25 "," 24,312.83 "," 72,938.50 "," 182,346.24 "," 367,885.00 "," 3,650.00 "
2020,Yobe,Rice," 233,992.73 "," 9,359.71 "," 7,019.78 "," 4,679.85 "," 14,039.56 "," 35,098.90 "," 373,131.00 "," 3,650.00 "
2020,Zamfara,Rice," 90,377.50 "," 3,615.10 "," 2,711.32 "," 1,807.55 "," 5,422.65 "," 13,556.62 "," 393,461.00 "," 3,650.00 "
2020,Abia,Maize," 29,493.26 "," 1,474.66 "," 1,179.73 ", 884.80 ," 2,949.33 "," 6,488.52 "," 155,666.00 "," 3,650.00 "
2020,Adamawa,Maize," 198,681.97 "," 9,934.10 "," 7,947.28 "," 5,960.46 "," 19,868.20 "," 43,710.04 "," 175,617.00 "," 3,650.00 "
2020,Akwa Ibom,Maize," 130,913.13 "," 6,545.66 "," 5,236.53 "," 3,927.39 "," 13,091.31 "," 28,800.89 "," 166,024.00 "," 3,650.00 "
2020,Anambra,Maize," 35,154.44 "," 1,757.72 "," 1,406.18 "," 1,054.63 "," 3,515.44 "," 7,733.97 "," 159,538.00 "," 3,650.00 "
2020,Bauchi,Maize," 995,020.70 "," 49,751.04 "," 39,800.83 "," 29,850.62 "," 99,502.07 "," 218,904.56 "," 160,174.00 "," 3,650.00 "
2020,Bayelsa,Maize," 10,752.12 ", 537.61 , 430.08 , 322.56 ," 1,075.21 "," 2,365.46 "," 156,294.00 "," 3,650.00 "
2020,Benue,Maize," 259,180.26 "," 12,959.01 "," 10,367.21 "," 7,775.41 "," 25,918.03 "," 57,019.66 "," 144,990.00 "," 3,650.00 "
2020,Borno,Maize," 76,457.64 "," 3,822.88 "," 3,058.31 "," 2,293.73 "," 7,645.76 "," 16,820.68 "," 149,120.00 "," 3,650.00 "
2020,Cross River,Maize," 188,526.61 "," 9,426.33 "," 7,541.06 "," 5,655.80 "," 18,852.66 "," 41,475.85 "," 168,198.00 "," 3,650.00 "
2020,Delta,Maize," 92,753.33 "," 4,637.67 "," 3,710.13 "," 2,782.60 "," 9,275.33 "," 20,405.73 "," 153,255.00 "," 3,650.00 "
2020,Ebonyi,Maize," 161,614.11 "," 8,080.71 "," 6,464.56 "," 4,848.42 "," 16,161.41 "," 35,555.10 "," 147,716.00 "," 3,650.00 "
2020,Edo,Maize," 170,805.47 "," 8,540.27 "," 6,832.22 "," 5,124.16 "," 17,080.55 "," 37,577.20 "," 154,046.00 "," 3,650.00 "
2020,Ekiti,Maize," 57,380.07 "," 2,869.00 "," 2,295.20 "," 1,721.40 "," 5,738.01 "," 12,623.61 "," 163,294.00 "," 3,650.00 "
2020,Enugu,Maize," 299,178.18 "," 14,958.91 "," 11,967.13 "," 8,975.35 "," 29,917.82 "," 65,819.21 "," 175,488.00 "," 3,650.00 "
2020,FCT,Maize," 226,709.85 "," 11,335.49 "," 9,068.39 "," 6,801.30 "," 22,670.98 "," 49,876.16 "," 174,756.00 "," 3,650.00 "
2020,Gombe,Maize," 1,164,117.58 "," 58,205.88 "," 46,564.70 "," 34,923.53 "," 116,411.76 "," 256,105.87 "," 156,336.00 "," 3,650.00 "
2020,Imo,Maize," 263,107.82 "," 13,155.39 "," 10,524.31 "," 7,893.23 "," 26,310.78 "," 57,883.71 "," 161,325.00 "," 3,650.00 "
2020,Jigawa,Maize," 172,474.41 "," 8,623.72 "," 6,898.98 "," 5,174.23 "," 17,247.44 "," 37,944.37 "," 161,718.00 "," 3,650.00 "
2020,Kaduna,Maize," 1,176,747.91 "," 58,837.40 "," 47,069.92 "," 35,302.44 "," 117,674.79 "," 258,884.55 "," 168,380.00 "," 3,650.00 "
2020,Kano,Maize," 953,635.96 "," 47,681.80 "," 38,145.44 "," 28,609.08 "," 95,363.60 "," 209,799.92 "," 158,094.00 "," 3,650.00 "
2020,Katsina,Maize," 936,087.03 "," 46,804.35 "," 37,443.48 "," 28,082.61 "," 93,608.70 "," 205,939.14 "," 152,298.00 "," 3,650.00 "
2020,Kebbi,Maize," 13,101.28 ", 655.06 , 524.05 , 393.04 ," 1,310.13 "," 2,882.28 "," 145,844.00 "," 3,650.00 "
2020,Kogi,Maize," 95,677.54 "," 4,783.88 "," 3,827.10 "," 2,870.33 "," 9,567.75 "," 21,049.06 "," 152,647.00 "," 3,650.00 "
2020,Kwara,Maize," 121,554.08 "," 6,077.70 "," 4,862.16 "," 3,646.62 "," 12,155.41 "," 26,741.89 "," 161,846.00 "," 3,650.00 "
2020,Lagos,Maize," 79,841.14 "," 3,992.06 "," 3,193.65 "," 2,395.23 "," 7,984.11 "," 17,565.05 "," 162,574.00 "," 3,650.00 "
2020,Nasarawa,Maize," 238,693.26 "," 11,934.66 "," 9,547.73 "," 7,160.80 "," 23,869.33 "," 52,512.52 "," 158,209.00 "," 3,650.00 "
2020,Niger,Maize," 107,943.95 "," 5,397.20 "," 4,317.76 "," 3,238.32 "," 10,794.40 "," 23,747.68 "," 159,644.00 "," 3,650.00 "
2020,Ogun,Maize," 83,119.06 "," 4,155.95 "," 3,324.76 "," 2,493.57 "," 8,311.91 "," 18,286.19 "," 175,803.00 "," 3,650.00 "
2020,Ondo,Maize," 168,325.35 "," 8,416.27 "," 6,733.01 "," 5,049.76 "," 16,832.54 "," 37,031.58 "," 163,948.00 "," 3,650.00 "
2020,Osun,Maize," 42,400.46 "," 2,120.02 "," 1,696.02 "," 1,272.01 "," 4,240.05 "," 9,328.10 "," 163,861.00 "," 3,650.00 "
2020,Oyo,Maize," 1,102,167.02 "," 55,108.35 "," 44,086.68 "," 33,065.01 "," 110,216.70 "," 242,476.74 "," 156,644.00 "," 3,650.00 "
2020,Plateau,Maize," 876,370.49 "," 43,818.52 "," 35,054.82 "," 26,291.11 "," 87,637.05 "," 192,801.50 "," 159,217.00 "," 3,650.00 "
2020,Rivers,Maize," 296,151.71 "," 14,807.59 "," 11,846.07 "," 8,884.55 "," 29,615.17 "," 65,153.38 "," 151,287.00 "," 3,650.00 "
2020,Sokoto,Maize," 241,455.01 "," 12,072.75 "," 9,658.20 "," 7,243.65 "," 24,145.50 "," 53,120.10 "," 173,102.00 "," 3,650.00 "
2020,Taraba,Maize," 60,695.49 "," 3,034.77 "," 2,427.82 "," 1,820.86 "," 6,069.55 "," 13,353.00 "," 161,068.00 "," 3,650.00 "
2020,Yobe,Maize," 1,711.06 ", 85.55 , 68.44 , 51.33 , 171.11 , 376.43 ," 148,180.00 "," 3,650.00 "
2020,Zamfara,Maize," 250,739.43 "," 12,536.97 "," 10,029.58 "," 7,522.18 "," 25,073.94 "," 55,162.67 "," 147,994.00 "," 3,650.00 "
2020,Abia,Sorghum," 127,259.86 "," 5,090.39 "," 3,817.80 "," 2,545.20 "," 10,180.79 "," 21,634.18 "," 143,273.00 "," 3,390.00 "
2020,Adamawa,Sorghum," 132,304.32 "," 5,292.17 "," 3,969.13 "," 2,646.09 "," 10,584.35 "," 22,491.74 "," 163,321.00 "," 3,390.00 "
2020,Akwa Ibom,Sorghum," 6,507.53 ", 260.30 , 195.23 , 130.15 , 520.60 ," 1,106.28 "," 148,880.00 "," 3,390.00 "
2020,Anambra,Sorghum," 13,572.58 ", 542.90 , 407.18 , 271.45 ," 1,085.81 "," 2,307.34 "," 149,502.00 "," 3,390.00 "
2020,Bauchi,Sorghum," 608,717.79 "," 24,348.71 "," 18,261.53 "," 12,174.36 "," 48,697.42 "," 103,482.02 "," 152,661.00 "," 3,390.00 "
2020,Bayelsa,Sorghum," 1,000.59 ", 40.02 , 30.02 , 20.01 , 80.05 , 170.10 ," 143,573.00 "," 3,390.00 "
2020,Benue,Sorghum," 655,569.87 "," 26,222.79 "," 19,667.10 "," 13,111.40 "," 52,445.59 "," 111,446.88 "," 157,853.00 "," 3,390.00 "
2020,Borno,Sorghum," 626,491.31 "," 25,059.65 "," 18,794.74 "," 12,529.83 "," 50,119.30 "," 106,503.52 "," 150,338.00 "," 3,390.00 "
2020,Cross River,Sorghum," 57,826.56 "," 2,313.06 "," 1,734.80 "," 1,156.53 "," 4,626.12 "," 9,830.51 "," 152,318.00 "," 3,390.00 "
2020,Delta,Sorghum, 576.11 , 23.04 , 17.28 , 11.52 , 46.09 , 97.93 ," 164,422.00 "," 3,390.00 "
2020,Ebonyi,Sorghum," 53,885.28 "," 2,155.41 "," 1,616.56 "," 1,077.71 "," 4,310.82 "," 9,160.50 "," 159,825.00 "," 3,390.00 "
2020,Edo,Sorghum," 58,375.94 "," 2,335.04 "," 1,751.28 "," 1,167.52 "," 4,670.08 "," 9,923.92 "," 152,205.00 "," 3,390.00 "
2020,Ekiti,Sorghum," 133,420.53 "," 5,336.82 "," 4,002.62 "," 2,668.41 "," 10,673.64 "," 22,681.49 "," 141,014.00 "," 3,390.00 "
2020,Enugu,Sorghum," 107,146.04 "," 4,285.84 "," 3,214.38 "," 2,142.92 "," 8,571.68 "," 18,214.82 "," 160,618.00 "," 3,390.00 "
2020,FCT,Sorghum," 154,221.04 "," 6,168.84 "," 4,626.63 "," 3,084.42 "," 12,337.68 "," 26,217.57 "," 160,409.00 "," 3,390.00 "
2020,Gombe,Sorghum," 85,832.36 "," 3,433.29 "," 2,574.97 "," 1,716.65 "," 6,866.59 "," 14,591.50 "," 136,873.00 "," 3,390.00 "
2020,Imo,Sorghum," 21,717.97 ", 868.72 , 651.54 , 434.36 ," 1,737.44 "," 3,692.06 "," 148,449.00 "," 3,390.00 "
2020,Jigawa,Sorghum," 124,869.99 "," 4,994.80 "," 3,746.10 "," 2,497.40 "," 9,989.60 "," 21,227.90 "," 153,797.00 "," 3,390.00 "
2020,Kaduna,Sorghum," 685,770.50 "," 27,430.82 "," 20,573.11 "," 13,715.41 "," 54,861.64 "," 116,580.98 "," 135,573.00 "," 3,390.00 "
2020,Kano,Sorghum," 621,391.87 "," 24,855.67 "," 18,641.76 "," 12,427.84 "," 49,711.35 "," 105,636.62 "," 155,631.00 "," 3,390.00 "
2020,Katsina,Sorghum," 137,837.83 "," 5,513.51 "," 4,135.13 "," 2,756.76 "," 11,027.03 "," 23,432.43 "," 155,775.00 "," 3,390.00 "
2020,Kebbi,Sorghum," 83,203.21 "," 3,328.13 "," 2,496.10 "," 1,664.06 "," 6,656.26 "," 14,144.55 "," 143,981.00 "," 3,390.00 "
2020,Kogi,Sorghum," 90,129.45 "," 3,605.18 "," 2,703.88 "," 1,802.59 "," 7,210.36 "," 15,322.01 "," 159,133.00 "," 3,390.00 "
2020,Kwara,Sorghum," 73,118.66 "," 2,924.75 "," 2,193.56 "," 1,462.37 "," 5,849.49 "," 12,430.17 "," 141,321.00 "," 3,390.00 "
2020,Lagos,Sorghum, 232.45 , 9.30 , 6.97 , 4.65 , 18.60 , 39.52 ," 135,265.00 "," 3,390.00 "
2020,Nasarawa,Sorghum," 19,808.55 ", 792.34 , 594.26 , 396.17 ," 1,584.68 "," 3,367.45 "," 155,304.00 "," 3,390.00 "
2020,Niger,Sorghum," 5,677.22 ", 227.09 , 170.32 , 113.54 , 454.18 , 965.13 ," 143,838.00 "," 3,390.00 "
2020,Ogun,Sorghum," 105,896.46 "," 4,235.86 "," 3,176.89 "," 2,117.93 "," 8,471.72 "," 18,002.40 "," 157,136.00 "," 3,390.00 "
2020,Ondo,Sorghum," 56,814.98 "," 2,272.60 "," 1,704.45 "," 1,136.30 "," 4,545.20 "," 9,658.55 "," 157,214.00 "," 3,390.00 "
2020,Osun,Sorghum," 85,767.63 "," 3,430.71 "," 2,573.03 "," 1,715.35 "," 6,861.41 "," 14,580.50 "," 157,602.00 "," 3,390.00 "
2020,Oyo,Sorghum," 162,993.38 "," 6,519.74 "," 4,889.80 "," 3,259.87 "," 13,039.47 "," 27,708.88 "," 154,756.00 "," 3,390.00 "
2020,Plateau,Sorghum," 44,759.12 "," 1,790.36 "," 1,342.77 ", 895.18 ," 3,580.73 "," 7,609.04 "," 160,377.00 "," 3,390.00 "
2020,Rivers,Sorghum," 3,629.38 ", 145.18 , 108.88 , 72.59 , 290.35 , 617.00 ," 137,658.00 "," 3,390.00 "
2020,Sokoto,Sorghum," 655,998.22 "," 26,239.93 "," 19,679.95 "," 13,119.96 "," 52,479.86 "," 111,519.70 "," 137,329.00 "," 3,390.00 "
2020,Taraba,Sorghum," 39,644.70 "," 1,585.79 "," 1,189.34 ", 792.89 ," 3,171.58 "," 6,739.60 "," 147,213.00 "," 3,390.00 "
2020,Yobe,Sorghum," 12,878.78 ", 515.15 , 386.36 , 257.58 ," 1,030.30 "," 2,189.39 "," 145,464.00 "," 3,390.00 "
2020,Zamfara,Sorghum," 552,965.72 "," 22,118.63 "," 16,588.97 "," 11,059.31 "," 44,237.26 "," 94,004.17 "," 159,247.00 "," 3,390.00 "
2021,Abia,Rice," 124,507.05 "," 4,980.28 "," 3,735.21 "," 2,490.14 "," 7,470.42 "," 18,676.05 "," 429,797.00 "," 3,650.00 "
2021,Adamawa,Rice," 316,267.28 "," 12,650.69 "," 9,488.02 "," 6,325.35 "," 18,976.04 "," 47,440.10 "," 472,122.00 "," 3,650.00 "
2021,Akwa Ibom,Rice," 228,238.93 "," 9,129.56 "," 6,847.17 "," 4,564.78 "," 13,694.34 "," 34,235.85 "," 430,225.00 "," 3,650.00 "
2021,Anambra,Rice," 190,494.16 "," 7,619.77 "," 5,714.82 "," 3,809.88 "," 11,429.65 "," 28,574.12 "," 497,684.00 "," 3,650.00 "
2021,Bauchi,Rice," 50,670.32 "," 2,026.81 "," 1,520.11 "," 1,013.41 "," 3,040.22 "," 7,600.55 "," 427,721.00 "," 3,650.00 "
2021,Bayelsa,Rice," 47,514.74 "," 1,900.59 "," 1,425.44 ", 950.29 ," 2,850.88 "," 7,127.20 "," 460,870.00 "," 3,650.00 "
2021,Benue,Rice," 953,107.92 "," 38,124.32 "," 28,593.24 "," 19,062.16 "," 57,186.48 "," 142,966.20 "," 444,844.00 "," 3,650.00 "
2021,Borno,Rice," 269,565.98 "," 10,782.64 "," 8,086.98 "," 5,391.32 "," 16,173.96 "," 40,434.90 "," 498,527.00 "," 3,650.00 "
2021,Cross River,Rice," 199,473.47 "," 7,978.94 "," 5,984.20 "," 3,989.47 "," 11,968.41 "," 29,921.02 "," 461,079.00 "," 3,650.00 "
2021,Delta,Rice," 234,445.36 "," 9,377.81 "," 7,033.36 "," 4,688.91 "," 14,066.72 "," 35,166.80 "," 453,220.00 "," 3,650.00 "
2021,Ebonyi,Rice," 958,830.54 "," 38,353.22 "," 28,764.92 "," 19,176.61 "," 57,529.83 "," 143,824.58 "," 444,246.00 "," 3,650.00 "
2021,Edo,Rice," 312,942.91 "," 12,517.72 "," 9,388.29 "," 6,258.86 "," 18,776.57 "," 46,941.44 "," 515,024.00 "," 3,650.00 "
2021,Ekiti,Rice," 267,609.34 "," 10,704.37 "," 8,028.28 "," 5,352.19 "," 16,056.56 "," 40,141.40 "," 456,634.00 "," 3,650.00 "
2021,Enugu,Rice," 68,561.14 "," 2,742.45 "," 2,056.83 "," 1,371.22 "," 4,113.67 "," 10,284.17 "," 434,554.00 "," 3,650.00 "
2021,FCT,Rice," 60,101.93 "," 2,404.08 "," 1,803.06 "," 1,202.04 "," 3,606.12 "," 9,015.30 "," 470,289.00 "," 3,650.00 "
2021,Gombe,Rice," 58,060.41 "," 2,322.42 "," 1,741.81 "," 1,161.21 "," 3,483.62 "," 8,709.06 "," 478,071.00 "," 3,650.00 "
2021,Imo,Rice," 98,012.32 "," 3,920.49 "," 2,940.37 "," 1,960.25 "," 5,880.74 "," 14,701.85 "," 429,746.00 "," 3,650.00 "
2021,Jigawa,Rice," 1,141,994.30 "," 45,679.77 "," 34,259.83 "," 22,839.89 "," 68,519.66 "," 171,299.15 "," 445,741.00 "," 3,650.00 "
2021,Kaduna,Rice," 140,377.57 "," 5,615.10 "," 4,211.33 "," 2,807.55 "," 8,422.65 "," 21,056.63 "," 500,318.00 "," 3,650.00 "
2021,Kano,Rice," 1,079,040.20 "," 43,161.61 "," 32,371.21 "," 21,580.80 "," 64,742.41 "," 161,856.03 "," 474,935.00 "," 3,650.00 "
2021,Katsina,Rice," 195,073.16 "," 7,802.93 "," 5,852.19 "," 3,901.46 "," 11,704.39 "," 29,260.97 "," 436,430.00 "," 3,650.00 "
2021,Kebbi,Rice," 1,026,435.12 "," 41,057.40 "," 30,793.05 "," 20,528.70 "," 61,586.11 "," 153,965.26 "," 448,512.00 "," 3,650.00 "
2021,Kogi,Rice," 92,924.41 "," 3,716.98 "," 2,787.73 "," 1,858.49 "," 5,575.46 "," 13,938.66 "," 449,721.00 "," 3,650.00 "
2021,Kwara,Rice," 112,301.24 "," 4,492.05 "," 3,369.04 "," 2,246.02 "," 6,738.07 "," 16,845.18 "," 482,178.00 "," 3,650.00 "
2021,Lagos,Rice," 138,645.96 "," 5,545.84 "," 4,159.38 "," 2,772.92 "," 8,318.76 "," 20,796.90 "," 493,372.00 "," 3,650.00 "
2021,Nasarawa,Rice," 245,271.54 "," 9,810.86 "," 7,358.15 "," 4,905.43 "," 14,716.29 "," 36,790.73 "," 423,012.00 "," 3,650.00 "
2021,Niger,Rice," 1,019,211.16 "," 40,768.45 "," 30,576.33 "," 20,384.22 "," 61,152.67 "," 152,881.67 "," 427,404.00 "," 3,650.00 "
2021,Ogun,Rice," 159,957.75 "," 6,398.31 "," 4,798.73 "," 3,199.16 "," 9,597.46 "," 23,993.66 "," 489,455.00 "," 3,650.00 "
2021,Ondo,Rice," 180,252.46 "," 7,210.10 "," 5,407.57 "," 3,605.05 "," 10,815.15 "," 27,037.87 "," 501,897.00 "," 3,650.00 "
2021,Osun,Rice," 14,046.34 ", 561.85 , 421.39 , 280.93 , 842.78 ," 2,106.95 "," 446,201.00 "," 3,650.00 "
2021,Oyo,Rice," 197,966.66 "," 7,918.67 "," 5,939.00 "," 3,959.33 "," 11,878.00 "," 29,695.00 "," 452,729.00 "," 3,650.00 "
2021,Plateau,Rice," 52,097.64 "," 2,083.91 "," 1,562.93 "," 1,041.95 "," 3,125.86 "," 7,814.65 "," 456,861.00 "," 3,650.00 "
2021,Rivers,Rice," 20,222.99 ", 808.92 , 606.69 , 404.46 ," 1,213.38 "," 3,033.45 "," 502,214.00 "," 3,650.00 "
2021,Sokoto,Rice," 296,282.79 "," 11,851.31 "," 8,888.48 "," 5,925.66 "," 17,776.97 "," 44,442.42 "," 497,159.00 "," 3,650.00 "
2021,Taraba,Rice," 1,311,238.26 "," 52,449.53 "," 39,337.15 "," 26,224.77 "," 78,674.30 "," 196,685.75 "," 463,778.00 "," 3,650.00 "
2021,Yobe,Rice," 267,761.81 "," 10,710.47 "," 8,032.85 "," 5,355.24 "," 16,065.71 "," 40,164.27 "," 458,467.00 "," 3,650.00 "
2021,Zamfara,Rice," 101,420.54 "," 4,056.82 "," 3,042.62 "," 2,028.41 "," 6,085.23 "," 15,213.08 "," 431,393.00 "," 3,650.00 "
2021,Abia,Maize," 32,961.91 "," 1,648.10 "," 1,318.48 ", 988.86 ," 3,296.19 "," 7,251.63 "," 223,056.00 "," 3,650.00 "
2021,Adamawa,Maize," 224,125.74 "," 11,206.29 "," 8,965.03 "," 6,723.77 "," 22,412.57 "," 49,307.66 "," 229,260.00 "," 3,650.00 "
2021,Akwa Ibom,Maize," 148,786.05 "," 7,439.30 "," 5,951.44 "," 4,463.58 "," 14,878.60 "," 32,732.92 "," 201,194.00 "," 3,650.00 "
2021,Anambra,Maize," 39,082.31 "," 1,954.12 "," 1,563.29 "," 1,172.47 "," 3,908.23 "," 8,598.11 "," 232,849.00 "," 3,650.00 "
2021,Bauchi,Maize," 1,177,146.18 "," 58,857.31 "," 47,085.85 "," 35,314.39 "," 117,714.62 "," 258,972.17 "," 244,149.00 "," 3,650.00 "
2021,Bayelsa,Maize," 11,689.59 ", 584.48 , 467.58 , 350.69 ," 1,168.96 "," 2,571.71 "," 243,467.00 "," 3,650.00 "
2021,Benue,Maize," 307,340.60 "," 15,367.03 "," 12,293.62 "," 9,220.22 "," 30,734.06 "," 67,614.93 "," 214,312.00 "," 3,650.00 "
2021,Borno,Maize," 82,345.38 "," 4,117.27 "," 3,293.82 "," 2,470.36 "," 8,234.54 "," 18,115.99 "," 235,921.00 "," 3,650.00 "
2021,Cross River,Maize," 222,643.89 "," 11,132.19 "," 8,905.76 "," 6,679.32 "," 22,264.39 "," 48,981.66 "," 203,152.00 "," 3,650.00 "
2021,Delta,Maize," 101,818.35 "," 5,090.92 "," 4,072.73 "," 3,054.55 "," 10,181.84 "," 22,400.04 "," 243,736.00 "," 3,650.00 "
2021,Ebonyi,Maize," 172,294.83 "," 8,614.74 "," 6,891.79 "," 5,168.84 "," 17,229.48 "," 37,904.85 "," 220,328.00 "," 3,650.00 "
2021,Edo,Maize," 180,347.83 "," 9,017.39 "," 7,213.91 "," 5,410.43 "," 18,034.78 "," 39,676.51 "," 210,329.00 "," 3,650.00 "
2021,Ekiti,Maize," 60,434.49 "," 3,021.72 "," 2,417.38 "," 1,813.03 "," 6,043.45 "," 13,295.58 "," 217,518.00 "," 3,650.00 "
2021,Enugu,Maize," 306,825.07 "," 15,341.25 "," 12,273.00 "," 9,204.75 "," 30,682.51 "," 67,501.51 "," 235,284.00 "," 3,650.00 "
2021,FCT,Maize," 254,641.63 "," 12,732.08 "," 10,185.67 "," 7,639.25 "," 25,464.16 "," 56,021.16 "," 237,723.00 "," 3,650.00 "
2021,Gombe,Maize," 1,350,798.61 "," 67,539.93 "," 54,031.94 "," 40,523.96 "," 135,079.86 "," 297,175.69 "," 210,468.00 "," 3,650.00 "
2021,Imo,Maize," 301,102.58 "," 15,055.13 "," 12,044.10 "," 9,033.08 "," 30,110.26 "," 66,242.57 "," 222,094.00 "," 3,650.00 "
2021,Jigawa,Maize," 205,601.90 "," 10,280.10 "," 8,224.08 "," 6,168.06 "," 20,560.19 "," 45,232.43 "," 210,636.00 "," 3,650.00 "
2021,Kaduna,Maize," 1,322,338.99 "," 66,116.95 "," 52,893.56 "," 39,670.17 "," 132,233.90 "," 290,914.58 "," 228,145.00 "," 3,650.00 "
2021,Kano,Maize," 1,002,210.68 "," 50,110.53 "," 40,088.43 "," 30,066.32 "," 100,221.07 "," 220,486.35 "," 207,101.00 "," 3,650.00 "
2021,Katsina,Maize," 1,074,818.93 "," 53,740.95 "," 42,992.76 "," 32,244.57 "," 107,481.89 "," 236,460.17 "," 233,990.00 "," 3,650.00 "
2021,Kebbi,Maize," 14,706.63 ", 735.33 , 588.27 , 441.20 ," 1,470.66 "," 3,235.46 "," 229,802.00 "," 3,650.00 "
2021,Kogi,Maize," 106,645.07 "," 5,332.25 "," 4,265.80 "," 3,199.35 "," 10,664.51 "," 23,461.91 "," 232,856.00 "," 3,650.00 "
2021,Kwara,Maize," 124,887.92 "," 6,244.40 "," 4,995.52 "," 3,746.64 "," 12,488.79 "," 27,475.35 "," 240,762.00 "," 3,650.00 "
2021,Lagos,Maize," 87,981.37 "," 4,399.07 "," 3,519.25 "," 2,639.44 "," 8,798.14 "," 19,355.90 "," 217,427.00 "," 3,650.00 "
2021,Nasarawa,Maize," 262,411.50 "," 13,120.58 "," 10,496.46 "," 7,872.34 "," 26,241.15 "," 57,730.53 "," 205,980.00 "," 3,650.00 "
2021,Niger,Maize," 118,372.56 "," 5,918.63 "," 4,734.90 "," 3,551.18 "," 11,837.26 "," 26,041.97 "," 212,952.00 "," 3,650.00 "
2021,Ogun,Maize," 96,190.11 "," 4,809.51 "," 3,847.60 "," 2,885.70 "," 9,619.01 "," 21,161.82 "," 201,656.00 "," 3,650.00 "
2021,Ondo,Maize," 177,610.43 "," 8,880.52 "," 7,104.42 "," 5,328.31 "," 17,761.04 "," 39,074.29 "," 216,067.00 "," 3,650.00 "
2021,Osun,Maize," 44,441.28 "," 2,222.06 "," 1,777.65 "," 1,333.24 "," 4,444.13 "," 9,777.08 "," 206,554.00 "," 3,650.00 "
2021,Oyo,Maize," 1,248,712.73 "," 62,435.64 "," 49,948.51 "," 37,461.38 "," 124,871.27 "," 274,716.80 "," 223,014.00 "," 3,650.00 "
2021,Plateau,Maize," 1,008,787.41 "," 50,439.37 "," 40,351.50 "," 30,263.62 "," 100,878.74 "," 221,933.23 "," 224,714.00 "," 3,650.00 "
2021,Rivers,Maize," 330,045.68 "," 16,502.28 "," 13,201.83 "," 9,901.37 "," 33,004.57 "," 72,610.05 "," 201,442.00 "," 3,650.00 "
2021,Sokoto,Maize," 254,910.37 "," 12,745.52 "," 10,196.41 "," 7,647.31 "," 25,491.04 "," 56,080.28 "," 244,035.00 "," 3,650.00 "
2021,Taraba,Maize," 65,955.74 "," 3,297.79 "," 2,638.23 "," 1,978.67 "," 6,595.57 "," 14,510.26 "," 231,263.00 "," 3,650.00 "
2021,Yobe,Maize," 1,794.95 ", 89.75 , 71.80 , 53.85 , 179.50 , 394.90 ," 235,571.00 "," 3,650.00 "
2021,Zamfara,Maize," 277,518.58 "," 13,875.93 "," 11,100.74 "," 8,325.56 "," 27,751.86 "," 61,054.09 "," 224,284.00 "," 3,650.00 "
2021,Abia,Sorghum," 135,578.02 "," 5,423.12 "," 4,067.34 "," 2,711.56 "," 10,846.24 "," 23,048.26 "," 191,188.00 "," 3,390.00 "
2021,Adamawa,Sorghum," 127,025.51 "," 5,081.02 "," 3,810.77 "," 2,540.51 "," 10,162.04 "," 21,594.34 "," 217,832.00 "," 3,390.00 "
2021,Akwa Ibom,Sorghum," 7,277.41 ", 291.10 , 218.32 , 145.55 , 582.19 ," 1,237.16 "," 190,967.00 "," 3,390.00 "
2021,Anambra,Sorghum," 13,238.94 ", 529.56 , 397.17 , 264.78 ," 1,059.12 "," 2,250.63 "," 186,724.00 "," 3,390.00 "
2021,Bauchi,Sorghum," 602,187.62 "," 24,087.50 "," 18,065.63 "," 12,043.75 "," 48,175.01 "," 102,371.89 "," 217,955.00 "," 3,390.00 "
2021,Bayelsa,Sorghum," 1,062.62 ", 42.50 , 31.88 , 21.25 , 85.01 , 180.64 ," 200,387.00 "," 3,390.00 "
2021,Benue,Sorghum," 698,218.70 "," 27,928.75 "," 20,946.56 "," 13,964.37 "," 55,857.50 "," 118,697.18 "," 186,055.00 "," 3,390.00 "
2021,Borno,Sorghum," 650,103.89 "," 26,004.16 "," 19,503.12 "," 13,002.08 "," 52,008.31 "," 110,517.67 "," 212,719.00 "," 3,390.00 "
2021,Cross River,Sorghum," 63,456.52 "," 2,538.26 "," 1,903.70 "," 1,269.13 "," 5,076.52 "," 10,787.61 "," 221,011.00 "," 3,390.00 "
2021,Delta,Sorghum, 554.12 , 22.16 , 16.62 , 11.08 , 44.33 , 94.19 ," 223,139.00 "," 3,390.00 "
2021,Ebonyi,Sorghum," 58,549.79 "," 2,341.99 "," 1,756.49 "," 1,171.00 "," 4,683.98 "," 9,953.46 "," 218,254.00 "," 3,390.00 "
2021,Edo,Sorghum," 59,287.30 "," 2,371.49 "," 1,778.62 "," 1,185.75 "," 4,742.98 "," 10,078.84 "," 202,450.00 "," 3,390.00 "
2021,Ekiti,Sorghum," 130,949.92 "," 5,238.00 "," 3,928.50 "," 2,619.00 "," 10,475.99 "," 22,261.49 "," 188,714.00 "," 3,390.00 "
2021,Enugu,Sorghum," 113,557.25 "," 4,542.29 "," 3,406.72 "," 2,271.14 "," 9,084.58 "," 19,304.73 "," 196,192.00 "," 3,390.00 "
2021,FCT,Sorghum," 162,179.95 "," 6,487.20 "," 4,865.40 "," 3,243.60 "," 12,974.40 "," 27,570.60 "," 216,893.00 "," 3,390.00 "
2021,Gombe,Sorghum," 86,230.77 "," 3,449.23 "," 2,586.92 "," 1,724.62 "," 6,898.46 "," 14,659.23 "," 188,390.00 "," 3,390.00 "
2021,Imo,Sorghum," 22,898.74 ", 915.95 , 686.96 , 457.97 ," 1,831.90 "," 3,892.78 "," 224,965.00 "," 3,390.00 "
2021,Jigawa,Sorghum," 134,311.24 "," 5,372.45 "," 4,029.34 "," 2,686.22 "," 10,744.90 "," 22,832.91 "," 226,974.00 "," 3,390.00 "
2021,Kaduna,Sorghum," 691,619.98 "," 27,664.80 "," 20,748.60 "," 13,832.40 "," 55,329.60 "," 117,575.40 "," 225,793.00 "," 3,390.00 "
2021,Kano,Sorghum," 624,357.69 "," 24,974.31 "," 18,730.73 "," 12,487.15 "," 49,948.62 "," 106,140.81 "," 201,114.00 "," 3,390.00 "
2021,Katsina,Sorghum," 137,278.96 "," 5,491.16 "," 4,118.37 "," 2,745.58 "," 10,982.32 "," 23,337.43 "," 194,093.00 "," 3,390.00 "
2021,Kebbi,Sorghum," 87,160.93 "," 3,486.44 "," 2,614.83 "," 1,743.22 "," 6,972.87 "," 14,817.36 "," 211,725.00 "," 3,390.00 "
2021,Kogi,Sorghum," 98,398.89 "," 3,935.96 "," 2,951.97 "," 1,967.98 "," 7,871.91 "," 16,727.82 "," 209,902.00 "," 3,390.00 "
2021,Kwara,Sorghum," 75,514.41 "," 3,020.58 "," 2,265.43 "," 1,510.29 "," 6,041.15 "," 12,837.45 "," 219,525.00 "," 3,390.00 "
2021,Lagos,Sorghum, 235.86 , 9.43 , 7.08 , 4.72 , 18.87 , 40.10 ," 202,043.00 "," 3,390.00 "
2021,Nasarawa,Sorghum," 20,097.67 ", 803.91 , 602.93 , 401.95 ," 1,607.81 "," 3,416.60 "," 196,742.00 "," 3,390.00 "
2021,Niger,Sorghum," 5,665.25 ", 226.61 , 169.96 , 113.30 , 453.22 , 963.09 ," 223,922.00 "," 3,390.00 "
2021,Ogun,Sorghum," 114,078.50 "," 4,563.14 "," 3,422.36 "," 2,281.57 "," 9,126.28 "," 19,393.35 "," 205,425.00 "," 3,390.00 "
2021,Ondo,Sorghum," 59,800.48 "," 2,392.02 "," 1,794.01 "," 1,196.01 "," 4,784.04 "," 10,166.08 "," 215,251.00 "," 3,390.00 "
2021,Osun,Sorghum," 89,037.05 "," 3,561.48 "," 2,671.11 "," 1,780.74 "," 7,122.96 "," 15,136.29 "," 192,087.00 "," 3,390.00 "
2021,Oyo,Sorghum," 157,987.18 "," 6,319.49 "," 4,739.62 "," 3,159.74 "," 12,638.97 "," 26,857.82 "," 212,077.00 "," 3,390.00 "
2021,Plateau,Sorghum," 45,403.75 "," 1,816.15 "," 1,362.11 ", 908.08 ," 3,632.30 "," 7,718.64 "," 191,549.00 "," 3,390.00 "
2021,Rivers,Sorghum," 3,928.86 ", 157.15 , 117.87 , 78.58 , 314.31 , 667.91 ," 207,891.00 "," 3,390.00 "
2021,Sokoto,Sorghum," 669,851.46 "," 26,794.06 "," 20,095.54 "," 13,397.03 "," 53,588.12 "," 113,874.75 "," 206,690.00 "," 3,390.00 "
2021,Taraba,Sorghum," 42,642.79 "," 1,705.71 "," 1,279.28 ", 852.86 ," 3,411.42 "," 7,249.27 "," 189,150.00 "," 3,390.00 "
2021,Yobe,Sorghum," 13,776.61 ", 551.06 , 413.30 , 275.53 ," 1,102.13 "," 2,342.02 "," 219,353.00 "," 3,390.00 "
2021,Zamfara,Sorghum," 599,886.76 "," 23,995.47 "," 17,996.60 "," 11,997.74 "," 47,990.94 "," 101,980.75 "," 208,591.00 "," 3,390.00 "
2022,Abia,Rice," 122,284.32 "," 4,891.37 "," 3,668.53 "," 2,445.69 "," 7,337.06 "," 18,342.65 "," 508,916.00 "," 3,650.00 "
2022,Adamawa,Rice," 302,054.72 "," 12,082.19 "," 9,061.64 "," 6,041.09 "," 18,123.28 "," 45,308.20 "," 553,900.00 "," 3,650.00 "
2022,Akwa Ibom,Rice," 233,609.41 "," 9,344.38 "," 7,008.28 "," 4,672.19 "," 14,016.56 "," 35,041.41 "," 509,597.00 "," 3,650.00 "
2022,Anambra,Rice," 203,541.51 "," 8,141.66 "," 6,106.25 "," 4,070.83 "," 12,212.49 "," 30,531.23 "," 613,893.00 "," 3,650.00 "
2022,Bauchi,Rice," 52,786.70 "," 2,111.47 "," 1,583.60 "," 1,055.73 "," 3,167.20 "," 7,918.00 "," 599,623.00 "," 3,650.00 "
2022,Bayelsa,Rice," 49,952.42 "," 1,998.10 "," 1,498.57 ", 999.05 ," 2,997.15 "," 7,492.87 "," 611,590.00 "," 3,650.00 "
2022,Benue,Rice," 974,728.07 "," 38,989.12 "," 29,241.84 "," 19,494.56 "," 58,483.68 "," 146,209.20 "," 610,560.00 "," 3,650.00 "
2022,Borno,Rice," 298,800.44 "," 11,952.02 "," 8,964.01 "," 5,976.01 "," 17,928.03 "," 44,820.07 "," 583,712.00 "," 3,650.00 "
2022,Cross River,Rice," 207,093.42 "," 8,283.74 "," 6,212.80 "," 4,141.87 "," 12,425.61 "," 31,064.02 "," 567,788.00 "," 3,650.00 "
2022,Delta,Rice," 227,147.13 "," 9,085.89 "," 6,814.41 "," 4,542.94 "," 13,628.83 "," 34,072.07 "," 552,943.00 "," 3,650.00 "
2022,Ebonyi,Rice," 1,002,156.26 "," 40,086.25 "," 30,064.69 "," 20,043.13 "," 60,129.38 "," 150,323.45 "," 512,185.00 "," 3,650.00 "
2022,Edo,Rice," 322,710.04 "," 12,908.40 "," 9,681.30 "," 6,454.20 "," 19,362.60 "," 48,406.50 "," 613,891.00 "," 3,650.00 "
2022,Ekiti,Rice," 265,144.71 "," 10,605.79 "," 7,954.34 "," 5,302.89 "," 15,908.68 "," 39,771.70 "," 592,770.00 "," 3,650.00 "
2022,Enugu,Rice," 72,642.89 "," 2,905.72 "," 2,179.29 "," 1,452.86 "," 4,358.57 "," 10,896.44 "," 609,694.00 "," 3,650.00 "
2022,FCT,Rice," 62,515.96 "," 2,500.64 "," 1,875.48 "," 1,250.32 "," 3,750.96 "," 9,377.40 "," 562,403.00 "," 3,650.00 "
2022,Gombe,Rice," 63,162.57 "," 2,526.50 "," 1,894.88 "," 1,263.25 "," 3,789.75 "," 9,474.38 "," 588,818.00 "," 3,650.00 "
2022,Imo,Rice," 96,621.07 "," 3,864.84 "," 2,898.63 "," 1,932.42 "," 5,797.26 "," 14,493.15 "," 557,412.00 "," 3,650.00 "
2022,Jigawa,Rice," 1,183,883.95 "," 47,355.36 "," 35,516.52 "," 23,677.68 "," 71,033.04 "," 177,582.60 "," 531,702.00 "," 3,650.00 "
2022,Kaduna,Rice," 143,976.90 "," 5,759.08 "," 4,319.31 "," 2,879.54 "," 8,638.61 "," 21,596.54 "," 578,659.00 "," 3,650.00 "
2022,Kano,Rice," 1,045,337.79 "," 41,813.51 "," 31,360.13 "," 20,906.76 "," 62,720.27 "," 156,800.67 "," 567,289.00 "," 3,650.00 "
2022,Katsina,Rice," 206,579.06 "," 8,263.16 "," 6,197.37 "," 4,131.58 "," 12,394.74 "," 30,986.85 "," 559,876.00 "," 3,650.00 "
2022,Kebbi,Rice," 981,603.81 "," 39,264.15 "," 29,448.11 "," 19,632.08 "," 58,896.23 "," 147,240.57 "," 505,012.00 "," 3,650.00 "
2022,Kogi,Rice," 94,655.10 "," 3,786.20 "," 2,839.65 "," 1,893.10 "," 5,679.31 "," 14,198.26 "," 607,733.00 "," 3,650.00 "
2022,Kwara,Rice," 117,155.87 "," 4,686.23 "," 3,514.68 "," 2,343.12 "," 7,029.35 "," 17,573.38 "," 575,048.00 "," 3,650.00 "
2022,Lagos,Rice," 145,743.95 "," 5,829.76 "," 4,372.32 "," 2,914.88 "," 8,744.64 "," 21,861.60 "," 540,027.00 "," 3,650.00 "
2022,Nasarawa,Rice," 267,070.08 "," 10,682.80 "," 8,012.10 "," 5,341.40 "," 16,024.20 "," 40,060.50 "," 585,632.00 "," 3,650.00 "
2022,Niger,Rice," 1,009,180.39 "," 40,367.22 "," 30,275.41 "," 20,183.61 "," 60,550.82 "," 151,377.06 "," 552,014.00 "," 3,650.00 "
2022,Ogun,Rice," 161,070.60 "," 6,442.82 "," 4,832.12 "," 3,221.41 "," 9,664.24 "," 24,160.59 "," 557,859.00 "," 3,650.00 "
2022,Ondo,Rice," 197,889.85 "," 7,915.59 "," 5,936.70 "," 3,957.80 "," 11,873.39 "," 29,683.48 "," 517,272.00 "," 3,650.00 "
2022,Osun,Rice," 14,945.93 ", 597.84 , 448.38 , 298.92 , 896.76 ," 2,241.90 "," 548,557.00 "," 3,650.00 "
2022,Oyo,Rice," 208,078.19 "," 8,323.13 "," 6,242.35 "," 4,161.56 "," 12,484.69 "," 31,211.73 "," 615,244.00 "," 3,650.00 "
2022,Plateau,Rice," 53,500.49 "," 2,140.02 "," 1,605.01 "," 1,070.01 "," 3,210.03 "," 8,025.07 "," 589,232.00 "," 3,650.00 "
2022,Rivers,Rice," 21,108.19 ", 844.33 , 633.25 , 422.16 ," 1,266.49 "," 3,166.23 "," 547,955.00 "," 3,650.00 "
2022,Sokoto,Rice," 319,829.42 "," 12,793.18 "," 9,594.88 "," 6,396.59 "," 19,189.77 "," 47,974.42 "," 606,863.00 "," 3,650.00 "
2022,Taraba,Rice," 1,362,283.02 "," 54,491.32 "," 40,868.49 "," 27,245.66 "," 81,736.98 "," 204,342.45 "," 568,637.00 "," 3,650.00 "
2022,Yobe,Rice," 261,923.84 "," 10,476.95 "," 7,857.72 "," 5,238.48 "," 15,715.43 "," 39,288.58 "," 592,205.00 "," 3,650.00 "
2022,Zamfara,Rice," 97,633.49 "," 3,905.34 "," 2,929.00 "," 1,952.67 "," 5,858.01 "," 14,645.02 "," 567,176.00 "," 3,650.00 "
2022,Abia,Maize," 30,022.76 "," 1,501.14 "," 1,200.91 ", 900.68 ," 3,002.28 "," 6,605.01 "," 295,646.00 "," 3,650.00 "
2022,Adamawa,Maize," 207,800.46 "," 10,390.02 "," 8,312.02 "," 6,234.01 "," 20,780.05 "," 45,716.10 "," 268,984.00 "," 3,650.00 "
2022,Akwa Ibom,Maize," 142,976.02 "," 7,148.80 "," 5,719.04 "," 4,289.28 "," 14,297.60 "," 31,454.72 "," 263,836.00 "," 3,650.00 "
2022,Anambra,Maize," 38,073.28 "," 1,903.66 "," 1,522.93 "," 1,142.20 "," 3,807.33 "," 8,376.12 "," 270,661.00 "," 3,650.00 "
2022,Bauchi,Maize," 1,039,524.07 "," 51,976.20 "," 41,580.96 "," 31,185.72 "," 103,952.41 "," 228,695.29 "," 260,064.00 "," 3,650.00 "
2022,Bayelsa,Maize," 10,373.85 ", 518.69 , 414.95 , 311.22 ," 1,037.38 "," 2,282.24 "," 307,694.00 "," 3,650.00 "
2022,Benue,Maize," 277,352.17 "," 13,867.61 "," 11,094.09 "," 8,320.57 "," 27,735.22 "," 61,017.49 "," 312,492.00 "," 3,650.00 "
2022,Borno,Maize," 81,344.24 "," 4,067.21 "," 3,253.77 "," 2,440.33 "," 8,134.42 "," 17,895.73 "," 283,031.00 "," 3,650.00 "
2022,Cross River,Maize," 208,223.90 "," 10,411.20 "," 8,328.96 "," 6,246.72 "," 20,822.39 "," 45,809.27 "," 287,623.00 "," 3,650.00 "
2022,Delta,Maize," 99,704.22 "," 4,985.21 "," 3,988.17 "," 2,991.13 "," 9,970.42 "," 21,934.93 "," 274,195.00 "," 3,650.00 "
2022,Ebonyi,Maize," 159,770.50 "," 7,988.52 "," 6,390.82 "," 4,793.12 "," 15,977.05 "," 35,149.51 "," 309,260.00 "," 3,650.00 "
2022,Edo,Maize," 178,070.50 "," 8,903.52 "," 7,122.82 "," 5,342.12 "," 17,807.05 "," 39,175.51 "," 309,172.00 "," 3,650.00 "
2022,Ekiti,Maize," 57,171.97 "," 2,858.60 "," 2,286.88 "," 1,715.16 "," 5,717.20 "," 12,577.84 "," 302,740.00 "," 3,650.00 "
2022,Enugu,Maize," 301,593.87 "," 15,079.69 "," 12,063.75 "," 9,047.82 "," 30,159.39 "," 66,350.65 "," 286,524.00 "," 3,650.00 "
2022,FCT,Maize," 234,543.33 "," 11,727.17 "," 9,381.73 "," 7,036.30 "," 23,454.33 "," 51,599.53 "," 291,890.00 "," 3,650.00 "
2022,Gombe,Maize," 1,189,754.27 "," 59,487.71 "," 47,590.17 "," 35,692.63 "," 118,975.43 "," 261,745.94 "," 277,009.00 "," 3,650.00 "
2022,Imo,Maize," 288,905.86 "," 14,445.29 "," 11,556.23 "," 8,667.18 "," 28,890.59 "," 63,559.29 "," 269,871.00 "," 3,650.00 "
2022,Jigawa,Maize," 178,426.26 "," 8,921.31 "," 7,137.05 "," 5,352.79 "," 17,842.63 "," 39,253.78 "," 261,955.00 "," 3,650.00 "
2022,Kaduna,Maize," 1,276,710.77 "," 63,835.54 "," 51,068.43 "," 38,301.32 "," 127,671.08 "," 280,876.37 "," 287,062.00 "," 3,650.00 "
2022,Kano,Maize," 954,245.60 "," 47,712.28 "," 38,169.82 "," 28,627.37 "," 95,424.56 "," 209,934.03 "," 304,489.00 "," 3,650.00 "
2022,Katsina,Maize," 1,029,948.14 "," 51,497.41 "," 41,197.93 "," 30,898.44 "," 102,994.81 "," 226,588.59 "," 277,044.00 "," 3,650.00 "
2022,Kebbi,Maize," 14,374.56 ", 718.73 , 574.98 , 431.24 ," 1,437.46 "," 3,162.41 "," 302,210.00 "," 3,650.00 "
2022,Kogi,Maize," 103,004.28 "," 5,150.21 "," 4,120.17 "," 3,090.13 "," 10,300.43 "," 22,660.94 "," 266,690.00 "," 3,650.00 "
2022,Kwara,Maize," 125,741.88 "," 6,287.09 "," 5,029.68 "," 3,772.26 "," 12,574.19 "," 27,663.22 "," 288,907.00 "," 3,650.00 "
2022,Lagos,Maize," 82,764.22 "," 4,138.21 "," 3,310.57 "," 2,482.93 "," 8,276.42 "," 18,208.13 "," 282,379.00 "," 3,650.00 "
2022,Nasarawa,Maize," 246,445.28 "," 12,322.26 "," 9,857.81 "," 7,393.36 "," 24,644.53 "," 54,217.96 "," 265,330.00 "," 3,650.00 "
2022,Niger,Maize," 114,186.78 "," 5,709.34 "," 4,567.47 "," 3,425.60 "," 11,418.68 "," 25,121.09 "," 258,000.00 "," 3,650.00 "
2022,Ogun,Maize," 86,862.46 "," 4,343.12 "," 3,474.50 "," 2,605.87 "," 8,686.25 "," 19,109.74 "," 287,956.00 "," 3,650.00 "
2022,Ondo,Maize," 161,672.62 "," 8,083.63 "," 6,466.90 "," 4,850.18 "," 16,167.26 "," 35,567.97 "," 313,789.00 "," 3,650.00 "
2022,Osun,Maize," 42,735.74 "," 2,136.79 "," 1,709.43 "," 1,282.07 "," 4,273.57 "," 9,401.86 "," 275,440.00 "," 3,650.00 "
2022,Oyo,Maize," 1,162,254.12 "," 58,112.71 "," 46,490.16 "," 34,867.62 "," 116,225.41 "," 255,695.90 "," 271,209.00 "," 3,650.00 "
2022,Plateau,Maize," 910,832.16 "," 45,541.61 "," 36,433.29 "," 27,324.96 "," 91,083.22 "," 200,383.08 "," 299,815.00 "," 3,650.00 "
2022,Rivers,Maize," 322,069.01 "," 16,103.45 "," 12,882.76 "," 9,662.07 "," 32,206.90 "," 70,855.18 "," 270,858.00 "," 3,650.00 "
2022,Sokoto,Maize," 244,706.02 "," 12,235.30 "," 9,788.24 "," 7,341.18 "," 24,470.60 "," 53,835.32 "," 300,534.00 "," 3,650.00 "
2022,Taraba,Maize," 64,116.84 "," 3,205.84 "," 2,564.67 "," 1,923.51 "," 6,411.68 "," 14,105.70 "," 282,230.00 "," 3,650.00 "
2022,Yobe,Maize," 1,687.82 ", 84.39 , 67.51 , 50.63 , 168.78 , 371.31 ," 276,649.00 "," 3,650.00 "
2022,Zamfara,Maize," 259,660.79 "," 12,983.04 "," 10,386.43 "," 7,789.82 "," 25,966.08 "," 57,125.37 "," 304,827.00 "," 3,650.00 "
2022,Abia,Sorghum," 130,907.41 "," 5,236.30 "," 3,927.22 "," 2,618.15 "," 10,472.59 "," 22,254.26 "," 256,535.00 "," 3,390.00 "
2022,Adamawa,Sorghum," 145,054.38 "," 5,802.18 "," 4,351.63 "," 2,901.09 "," 11,604.35 "," 24,659.25 "," 279,485.00 "," 3,390.00 "
2022,Akwa Ibom,Sorghum," 7,734.35 ", 309.37 , 232.03 , 154.69 , 618.75 ," 1,314.84 "," 276,723.00 "," 3,390.00 "
2022,Anambra,Sorghum," 14,012.48 ", 560.50 , 420.37 , 280.25 ," 1,121.00 "," 2,382.12 "," 268,106.00 "," 3,390.00 "
2022,Bauchi,Sorghum," 652,773.75 "," 26,110.95 "," 19,583.21 "," 13,055.48 "," 52,221.90 "," 110,971.54 "," 241,131.00 "," 3,390.00 "
2022,Bayelsa,Sorghum," 1,113.14 ", 44.53 , 33.39 , 22.26 , 89.05 , 189.23 ," 274,357.00 "," 3,390.00 "
2022,Benue,Sorghum," 714,376.54 "," 28,575.06 "," 21,431.30 "," 14,287.53 "," 57,150.12 "," 121,444.01 "," 278,112.00 "," 3,390.00 "
2022,Borno,Sorghum," 698,894.82 "," 27,955.79 "," 20,966.84 "," 13,977.90 "," 55,911.59 "," 118,812.12 "," 287,149.00 "," 3,390.00 "
2022,Cross River,Sorghum," 60,400.08 "," 2,416.00 "," 1,812.00 "," 1,208.00 "," 4,832.01 "," 10,268.01 "," 250,973.00 "," 3,390.00 "
2022,Delta,Sorghum, 614.07 , 24.56 , 18.42 , 12.28 , 49.13 , 104.39 ," 252,618.00 "," 3,390.00 "
2022,Ebonyi,Sorghum," 60,762.31 "," 2,430.49 "," 1,822.87 "," 1,215.25 "," 4,860.98 "," 10,329.59 "," 276,973.00 "," 3,390.00 "
2022,Edo,Sorghum," 59,730.75 "," 2,389.23 "," 1,791.92 "," 1,194.62 "," 4,778.46 "," 10,154.23 "," 264,062.00 "," 3,390.00 "
2022,Ekiti,Sorghum," 139,688.01 "," 5,587.52 "," 4,190.64 "," 2,793.76 "," 11,175.04 "," 23,746.96 "," 256,448.00 "," 3,390.00 "
2022,Enugu,Sorghum," 127,236.03 "," 5,089.44 "," 3,817.08 "," 2,544.72 "," 10,178.88 "," 21,630.12 "," 280,581.00 "," 3,390.00 "
2022,FCT,Sorghum," 173,058.85 "," 6,922.35 "," 5,191.77 "," 3,461.18 "," 13,844.71 "," 29,420.01 "," 274,620.00 "," 3,390.00 "
2022,Gombe,Sorghum," 89,982.61 "," 3,599.30 "," 2,699.48 "," 1,799.65 "," 7,198.61 "," 15,297.04 "," 285,505.00 "," 3,390.00 "
2022,Imo,Sorghum," 23,321.96 ", 932.88 , 699.66 , 466.44 ," 1,865.76 "," 3,964.74 "," 275,392.00 "," 3,390.00 "
2022,Jigawa,Sorghum," 141,368.92 "," 5,654.76 "," 4,241.07 "," 2,827.38 "," 11,309.51 "," 24,032.72 "," 251,434.00 "," 3,390.00 "
2022,Kaduna,Sorghum," 741,478.35 "," 29,659.13 "," 22,244.35 "," 14,829.57 "," 59,318.27 "," 126,051.32 "," 247,282.00 "," 3,390.00 "
2022,Kano,Sorghum," 670,689.15 "," 26,827.57 "," 20,120.67 "," 13,413.78 "," 53,655.13 "," 114,017.15 "," 254,675.00 "," 3,390.00 "
2022,Katsina,Sorghum," 154,532.83 "," 6,181.31 "," 4,635.98 "," 3,090.66 "," 12,362.63 "," 26,270.58 "," 282,110.00 "," 3,390.00 "
2022,Kebbi,Sorghum," 96,356.69 "," 3,854.27 "," 2,890.70 "," 1,927.13 "," 7,708.54 "," 16,380.64 "," 275,291.00 "," 3,390.00 "
2022,Kogi,Sorghum," 100,612.50 "," 4,024.50 "," 3,018.38 "," 2,012.25 "," 8,049.00 "," 17,104.13 "," 286,879.00 "," 3,390.00 "
2022,Kwara,Sorghum," 81,752.30 "," 3,270.09 "," 2,452.57 "," 1,635.05 "," 6,540.18 "," 13,897.89 "," 257,040.00 "," 3,390.00 "
2022,Lagos,Sorghum, 234.92 , 9.40 , 7.05 , 4.70 , 18.79 , 39.94 ," 278,406.00 "," 3,390.00 "
2022,Nasarawa,Sorghum," 21,122.04 ", 844.88 , 633.66 , 422.44 ," 1,689.76 "," 3,590.74 "," 257,242.00 "," 3,390.00 "
2022,Niger,Sorghum," 5,726.53 ", 229.06 , 171.80 , 114.53 , 458.12 , 973.51 ," 281,186.00 "," 3,390.00 "
2022,Ogun,Sorghum," 115,788.98 "," 4,631.56 "," 3,473.67 "," 2,315.78 "," 9,263.12 "," 19,684.13 "," 274,061.00 "," 3,390.00 "
2022,Ondo,Sorghum," 62,959.86 "," 2,518.39 "," 1,888.80 "," 1,259.20 "," 5,036.79 "," 10,703.18 "," 260,049.00 "," 3,390.00 "
2022,Osun,Sorghum," 94,704.54 "," 3,788.18 "," 2,841.14 "," 1,894.09 "," 7,576.36 "," 16,099.77 "," 274,122.00 "," 3,390.00 "
2022,Oyo,Sorghum," 179,110.88 "," 7,164.44 "," 5,373.33 "," 3,582.22 "," 14,328.87 "," 30,448.86 "," 265,778.00 "," 3,390.00 "
2022,Plateau,Sorghum," 49,913.40 "," 1,996.54 "," 1,497.40 ", 998.27 ," 3,993.07 "," 8,485.28 "," 239,720.00 "," 3,390.00 "
2022,Rivers,Sorghum," 3,926.92 ", 157.08 , 117.81 , 78.54 , 314.15 , 667.58 ," 274,838.00 "," 3,390.00 "
2022,Sokoto,Sorghum," 744,438.47 "," 29,777.54 "," 22,333.15 "," 14,888.77 "," 59,555.08 "," 126,554.54 "," 246,440.00 "," 3,390.00 "
2022,Taraba,Sorghum," 45,079.03 "," 1,803.16 "," 1,352.37 ", 901.58 ," 3,606.32 "," 7,663.43 "," 266,108.00 "," 3,390.00 "
2022,Yobe,Sorghum," 14,572.90 ", 582.92 , 437.19 , 291.46 ," 1,165.83 "," 2,477.40 "," 243,936.00 "," 3,390.00 "
2022,Zamfara,Sorghum," 652,273.12 "," 26,090.92 "," 19,568.19 "," 13,045.46 "," 52,181.85 "," 110,886.42 "," 245,282.00 "," 3,390.00 "
2023,Abia,Rice," 85,988.03 "," 3,439.52 "," 2,579.64 "," 1,719.76 "," 5,159.28 "," 12,898.20 "," 622,705.00 "," 3,650.00 "
2023,Adamawa,Rice," 230,763.99 "," 9,230.56 "," 6,922.92 "," 4,615.28 "," 13,845.84 "," 34,614.60 "," 672,451.00 "," 3,650.00 "
2023,Akwa Ibom,Rice," 176,394.40 "," 7,055.78 "," 5,291.83 "," 3,527.89 "," 10,583.66 "," 26,459.16 "," 617,560.00 "," 3,650.00 "
2023,Anambra,Rice," 141,856.36 "," 5,674.25 "," 4,255.69 "," 2,837.13 "," 8,511.38 "," 21,278.45 "," 659,326.00 "," 3,650.00 "
2023,Bauchi,Rice," 37,729.05 "," 1,509.16 "," 1,131.87 ", 754.58 ," 2,263.74 "," 5,659.35 "," 702,791.00 "," 3,650.00 "
2023,Bayelsa,Rice," 34,727.09 "," 1,389.08 "," 1,041.81 ", 694.54 ," 2,083.63 "," 5,209.06 "," 672,622.00 "," 3,650.00 "
2023,Benue,Rice," 683,622.34 "," 27,344.89 "," 20,508.67 "," 13,672.45 "," 41,017.34 "," 102,543.35 "," 656,351.00 "," 3,650.00 "
2023,Borno,Rice," 198,410.17 "," 7,936.41 "," 5,952.31 "," 3,968.20 "," 11,904.61 "," 29,761.53 "," 624,880.00 "," 3,650.00 "
2023,Cross River,Rice," 138,613.10 "," 5,544.52 "," 4,158.39 "," 2,772.26 "," 8,316.79 "," 20,791.96 "," 665,768.00 "," 3,650.00 "
2023,Delta,Rice," 162,963.46 "," 6,518.54 "," 4,888.90 "," 3,259.27 "," 9,777.81 "," 24,444.52 "," 680,250.00 "," 3,650.00 "
2023,Ebonyi,Rice," 700,172.08 "," 28,006.88 "," 21,005.16 "," 14,003.44 "," 42,010.32 "," 105,025.80 "," 593,885.00 "," 3,650.00 "
2023,Edo,Rice," 233,433.58 "," 9,337.34 "," 7,003.01 "," 4,668.67 "," 14,006.01 "," 35,015.03 "," 622,148.00 "," 3,650.00 "
2023,Ekiti,Rice," 193,510.53 "," 7,740.42 "," 5,805.32 "," 3,870.21 "," 11,610.63 "," 29,026.58 "," 674,107.00 "," 3,650.00 "
2023,Enugu,Rice," 48,862.09 "," 1,954.48 "," 1,465.86 ", 977.24 ," 2,931.73 "," 7,329.31 "," 592,356.00 "," 3,650.00 "
2023,FCT,Rice," 42,016.82 "," 1,680.67 "," 1,260.50 ", 840.34 ," 2,521.01 "," 6,302.52 "," 707,778.00 "," 3,650.00 "
2023,Gombe,Rice," 43,531.36 "," 1,741.25 "," 1,305.94 ", 870.63 ," 2,611.88 "," 6,529.70 "," 672,292.00 "," 3,650.00 "
2023,Imo,Rice," 72,145.10 "," 2,885.80 "," 2,164.35 "," 1,442.90 "," 4,328.71 "," 10,821.76 "," 610,868.00 "," 3,650.00 "
2023,Jigawa,Rice," 818,178.15 "," 32,727.13 "," 24,545.34 "," 16,363.56 "," 49,090.69 "," 122,726.72 "," 682,622.00 "," 3,650.00 "
2023,Kaduna,Rice," 97,060.35 "," 3,882.41 "," 2,911.81 "," 1,941.21 "," 5,823.62 "," 14,559.05 "," 621,120.00 "," 3,650.00 "
2023,Kano,Rice," 753,032.17 "," 30,121.29 "," 22,590.97 "," 15,060.64 "," 45,181.93 "," 112,954.83 "," 641,162.00 "," 3,650.00 "
2023,Katsina,Rice," 150,073.37 "," 6,002.93 "," 4,502.20 "," 3,001.47 "," 9,004.40 "," 22,511.00 "," 593,775.00 "," 3,650.00 "
2023,Kebbi,Rice," 736,124.20 "," 29,444.97 "," 22,083.73 "," 14,722.48 "," 44,167.45 "," 110,418.63 "," 608,317.00 "," 3,650.00 "
2023,Kogi,Rice," 71,590.06 "," 2,863.60 "," 2,147.70 "," 1,431.80 "," 4,295.40 "," 10,738.50 "," 599,729.00 "," 3,650.00 "
2023,Kwara,Rice," 84,914.80 "," 3,396.59 "," 2,547.44 "," 1,698.30 "," 5,094.89 "," 12,737.22 "," 680,925.00 "," 3,650.00 "
2023,Lagos,Rice," 108,919.48 "," 4,356.78 "," 3,267.58 "," 2,178.39 "," 6,535.17 "," 16,337.92 "," 639,954.00 "," 3,650.00 "
2023,Nasarawa,Rice," 180,938.08 "," 7,237.52 "," 5,428.14 "," 3,618.76 "," 10,856.28 "," 27,140.70 "," 636,689.00 "," 3,650.00 "
2023,Niger,Rice," 731,182.52 "," 29,247.30 "," 21,935.48 "," 14,623.65 "," 43,870.95 "," 109,677.38 "," 611,693.00 "," 3,650.00 "
2023,Ogun,Rice," 120,144.53 "," 4,805.78 "," 3,604.34 "," 2,402.89 "," 7,208.67 "," 18,021.68 "," 619,909.00 "," 3,650.00 "
2023,Ondo,Rice," 135,698.75 "," 5,427.95 "," 4,070.96 "," 2,713.98 "," 8,141.92 "," 20,354.81 "," 670,378.00 "," 3,650.00 "
2023,Osun,Rice," 11,380.35 ", 455.21 , 341.41 , 227.61 , 682.82 ," 1,707.05 "," 663,472.00 "," 3,650.00 "
2023,Oyo,Rice," 136,171.73 "," 5,446.87 "," 4,085.15 "," 2,723.43 "," 8,170.30 "," 20,425.75 "," 594,825.00 "," 3,650.00 "
2023,Plateau,Rice," 41,710.11 "," 1,668.40 "," 1,251.30 ", 834.20 ," 2,502.61 "," 6,256.51 "," 623,647.00 "," 3,650.00 "
2023,Rivers,Rice," 14,603.27 ", 584.13 , 438.10 , 292.07 , 876.20 ," 2,190.50 "," 662,875.00 "," 3,650.00 "
2023,Sokoto,Rice," 224,817.93 "," 8,992.72 "," 6,744.54 "," 4,496.36 "," 13,489.08 "," 33,722.70 "," 669,305.00 "," 3,650.00 "
2023,Taraba,Rice," 906,507.75 "," 36,260.31 "," 27,195.23 "," 18,130.16 "," 54,390.46 "," 135,976.16 "," 586,964.00 "," 3,650.00 "
2023,Yobe,Rice," 197,990.70 "," 7,919.63 "," 5,939.72 "," 3,959.81 "," 11,879.44 "," 29,698.60 "," 617,616.00 "," 3,650.00 "
2023,Zamfara,Rice," 72,545.05 "," 2,901.80 "," 2,176.35 "," 1,450.90 "," 4,352.70 "," 10,881.75 "," 676,861.00 "," 3,650.00 "
2023,Abia,Maize," 29,762.17 "," 1,488.11 "," 1,190.49 ", 892.87 ," 2,976.22 "," 6,547.69 "," 336,903.00 "," 3,650.00 "
2023,Adamawa,Maize," 201,506.84 "," 10,075.34 "," 8,060.27 "," 6,045.21 "," 20,150.68 "," 44,331.50 "," 356,836.00 "," 3,650.00 "
2023,Akwa Ibom,Maize," 137,518.41 "," 6,875.92 "," 5,500.74 "," 4,125.55 "," 13,751.84 "," 30,254.05 "," 381,271.00 "," 3,650.00 "
2023,Anambra,Maize," 35,332.69 "," 1,766.63 "," 1,413.31 "," 1,059.98 "," 3,533.27 "," 7,773.19 "," 325,838.00 "," 3,650.00 "
2023,Bauchi,Maize," 1,100,294.93 "," 55,014.75 "," 44,011.80 "," 33,008.85 "," 110,029.49 "," 242,064.89 "," 366,557.00 "," 3,650.00 "
2023,Bayelsa,Maize," 10,761.64 ", 538.08 , 430.47 , 322.85 ," 1,076.16 "," 2,367.56 "," 329,184.00 "," 3,650.00 "
2023,Benue,Maize," 276,469.13 "," 13,823.46 "," 11,058.77 "," 8,294.07 "," 27,646.91 "," 60,823.21 "," 364,079.00 "," 3,650.00 "
2023,Borno,Maize," 79,400.95 "," 3,970.05 "," 3,176.04 "," 2,382.03 "," 7,940.10 "," 17,468.22 "," 343,570.00 "," 3,650.00 "
2023,Cross River,Maize," 190,007.08 "," 9,500.35 "," 7,600.28 "," 5,700.21 "," 19,000.71 "," 41,801.55 "," 355,804.00 "," 3,650.00 "
2023,Delta,Maize," 91,629.95 "," 4,581.50 "," 3,665.20 "," 2,748.90 "," 9,163.00 "," 20,158.60 "," 346,517.00 "," 3,650.00 "
2023,Ebonyi,Maize," 163,920.72 "," 8,196.04 "," 6,556.83 "," 4,917.62 "," 16,392.07 "," 36,062.56 "," 342,932.00 "," 3,650.00 "
2023,Edo,Maize," 170,377.37 "," 8,518.87 "," 6,815.09 "," 5,111.32 "," 17,037.74 "," 37,483.02 "," 328,197.00 "," 3,650.00 "
2023,Ekiti,Maize," 56,675.90 "," 2,833.80 "," 2,267.04 "," 1,700.28 "," 5,667.59 "," 12,468.71 "," 383,390.00 "," 3,650.00 "
2023,Enugu,Maize," 280,598.31 "," 14,029.92 "," 11,223.93 "," 8,417.95 "," 28,059.83 "," 61,731.63 "," 315,582.00 "," 3,650.00 "
2023,FCT,Maize," 232,072.95 "," 11,603.65 "," 9,282.92 "," 6,962.19 "," 23,207.30 "," 51,056.06 "," 321,483.00 "," 3,650.00 "
2023,Gombe,Maize," 1,216,855.09 "," 60,842.75 "," 48,674.20 "," 36,505.65 "," 121,685.51 "," 267,708.11 "," 379,018.00 "," 3,650.00 "
2023,Imo,Maize," 267,921.02 "," 13,396.05 "," 10,716.84 "," 8,037.63 "," 26,792.10 "," 58,942.62 "," 333,109.00 "," 3,650.00 "
2023,Jigawa,Maize," 179,024.63 "," 8,951.23 "," 7,160.99 "," 5,370.74 "," 17,902.46 "," 39,385.42 "," 365,641.00 "," 3,650.00 "
2023,Kaduna,Maize," 1,124,018.49 "," 56,200.92 "," 44,960.74 "," 33,720.55 "," 112,401.85 "," 247,284.06 "," 356,261.00 "," 3,650.00 "
2023,Kano,Maize," 941,415.96 "," 47,070.80 "," 37,656.64 "," 28,242.48 "," 94,141.60 "," 207,111.52 "," 359,638.00 "," 3,650.00 "
2023,Katsina,Maize," 938,417.34 "," 46,920.87 "," 37,536.69 "," 28,152.52 "," 93,841.73 "," 206,451.81 "," 364,983.00 "," 3,650.00 "
2023,Kebbi,Maize," 13,074.49 ", 653.72 , 522.98 , 392.23 ," 1,307.45 "," 2,876.38 "," 328,948.00 "," 3,650.00 "
2023,Kogi,Maize," 101,755.65 "," 5,087.78 "," 4,070.23 "," 3,052.67 "," 10,175.56 "," 22,386.24 "," 366,710.00 "," 3,650.00 "
2023,Kwara,Maize," 111,450.79 "," 5,572.54 "," 4,458.03 "," 3,343.52 "," 11,145.08 "," 24,519.17 "," 332,386.00 "," 3,650.00 "
2023,Lagos,Maize," 79,448.74 "," 3,972.44 "," 3,177.95 "," 2,383.46 "," 7,944.87 "," 17,478.72 "," 333,956.00 "," 3,650.00 "
2023,Nasarawa,Maize," 243,475.56 "," 12,173.78 "," 9,739.02 "," 7,304.27 "," 24,347.56 "," 53,564.63 "," 319,376.00 "," 3,650.00 "
2023,Niger,Maize," 107,083.77 "," 5,354.19 "," 4,283.35 "," 3,212.51 "," 10,708.38 "," 23,558.43 "," 366,291.00 "," 3,650.00 "
2023,Ogun,Maize," 85,577.24 "," 4,278.86 "," 3,423.09 "," 2,567.32 "," 8,557.72 "," 18,826.99 "," 362,101.00 "," 3,650.00 "
2023,Ondo,Maize," 156,717.23 "," 7,835.86 "," 6,268.69 "," 4,701.52 "," 15,671.72 "," 34,477.79 "," 381,604.00 "," 3,650.00 "
2023,Osun,Maize," 43,912.21 "," 2,195.61 "," 1,756.49 "," 1,317.37 "," 4,391.22 "," 9,660.69 "," 371,356.00 "," 3,650.00 "
2023,Oyo,Maize," 1,182,993.42 "," 59,149.67 "," 47,319.74 "," 35,489.80 "," 118,299.34 "," 260,258.55 "," 380,289.00 "," 3,650.00 "
2023,Plateau,Maize," 930,768.78 "," 46,538.44 "," 37,230.75 "," 27,923.06 "," 93,076.88 "," 204,769.13 "," 329,019.00 "," 3,650.00 "
2023,Rivers,Maize," 300,920.89 "," 15,046.04 "," 12,036.84 "," 9,027.63 "," 30,092.09 "," 66,202.60 "," 367,001.00 "," 3,650.00 "
2023,Sokoto,Maize," 238,291.78 "," 11,914.59 "," 9,531.67 "," 7,148.75 "," 23,829.18 "," 52,424.19 "," 351,501.00 "," 3,650.00 "
2023,Taraba,Maize," 57,308.18 "," 2,865.41 "," 2,292.33 "," 1,719.25 "," 5,730.82 "," 12,607.81 "," 340,977.00 "," 3,650.00 "
2023,Yobe,Maize," 1,734.39 ", 86.72 , 69.38 , 52.03 , 173.44 , 381.57 ," 355,911.00 "," 3,650.00 "
2023,Zamfara,Maize," 246,721.76 "," 12,336.09 "," 9,868.87 "," 7,401.65 "," 24,672.18 "," 54,278.79 "," 333,819.00 "," 3,650.00 "
2023,Abia,Sorghum," 128,286.92 "," 5,131.48 "," 3,848.61 "," 2,565.74 "," 10,262.95 "," 21,808.78 "," 345,302.00 "," 3,390.00 "
2023,Adamawa,Sorghum," 136,302.37 "," 5,452.09 "," 4,089.07 "," 2,726.05 "," 10,904.19 "," 23,171.40 "," 338,392.00 "," 3,390.00 "
2023,Akwa Ibom,Sorghum," 7,059.78 ", 282.39 , 211.79 , 141.20 , 564.78 ," 1,200.16 "," 328,335.00 "," 3,390.00 "
2023,Anambra,Sorghum," 13,274.80 ", 530.99 , 398.24 , 265.50 ," 1,061.98 "," 2,256.71 "," 333,149.00 "," 3,390.00 "
2023,Bauchi,Sorghum," 613,178.58 "," 24,527.14 "," 18,395.36 "," 12,263.57 "," 49,054.29 "," 104,240.36 "," 316,322.00 "," 3,390.00 "
2023,Bayelsa,Sorghum," 1,081.37 ", 43.25 , 32.44 , 21.63 , 86.51 , 183.83 ," 347,921.00 "," 3,390.00 "
2023,Benue,Sorghum," 679,481.93 "," 27,179.28 "," 20,384.46 "," 13,589.64 "," 54,358.55 "," 115,511.93 "," 340,783.00 "," 3,390.00 "
2023,Borno,Sorghum," 652,520.54 "," 26,100.82 "," 19,575.62 "," 13,050.41 "," 52,201.64 "," 110,928.49 "," 316,410.00 "," 3,390.00 "
2023,Cross River,Sorghum," 57,945.55 "," 2,317.82 "," 1,738.37 "," 1,158.91 "," 4,635.64 "," 9,850.74 "," 307,266.00 "," 3,390.00 "
2023,Delta,Sorghum, 584.60 , 23.38 , 17.54 , 11.69 , 46.77 , 99.38 ," 291,595.00 "," 3,390.00 "
2023,Ebonyi,Sorghum," 57,141.36 "," 2,285.65 "," 1,714.24 "," 1,142.83 "," 4,571.31 "," 9,714.03 "," 347,335.00 "," 3,390.00 "
2023,Edo,Sorghum," 57,444.06 "," 2,297.76 "," 1,723.32 "," 1,148.88 "," 4,595.52 "," 9,765.48 "," 336,924.00 "," 3,390.00 "
2023,Ekiti,Sorghum," 132,968.71 "," 5,318.75 "," 3,989.06 "," 2,659.37 "," 10,637.50 "," 22,604.68 "," 329,931.00 "," 3,390.00 "
2023,Enugu,Sorghum," 114,440.94 "," 4,577.64 "," 3,433.23 "," 2,288.82 "," 9,155.28 "," 19,454.97 "," 298,207.00 "," 3,390.00 "
2023,FCT,Sorghum," 157,625.84 "," 6,305.03 "," 4,728.78 "," 3,152.52 "," 12,610.07 "," 26,796.40 "," 292,511.00 "," 3,390.00 "
2023,Gombe,Sorghum," 84,114.34 "," 3,364.57 "," 2,523.43 "," 1,682.29 "," 6,729.15 "," 14,299.44 "," 330,510.00 "," 3,390.00 "
2023,Imo,Sorghum," 22,833.90 ", 913.36 , 685.02 , 456.68 ," 1,826.71 "," 3,881.77 "," 340,104.00 "," 3,390.00 "
2023,Jigawa,Sorghum," 133,600.19 "," 5,344.01 "," 4,008.01 "," 2,672.00 "," 10,688.02 "," 22,712.04 "," 295,067.00 "," 3,390.00 "
2023,Kaduna,Sorghum," 677,059.57 "," 27,082.38 "," 20,311.79 "," 13,541.19 "," 54,164.77 "," 115,100.13 "," 307,827.00 "," 3,390.00 "
2023,Kano,Sorghum," 638,572.48 "," 25,542.90 "," 19,157.17 "," 12,771.45 "," 51,085.80 "," 108,557.32 "," 320,960.00 "," 3,390.00 "
2023,Katsina,Sorghum," 142,291.50 "," 5,691.66 "," 4,268.74 "," 2,845.83 "," 11,383.32 "," 24,189.55 "," 310,840.00 "," 3,390.00 "
2023,Kebbi,Sorghum," 89,485.40 "," 3,579.42 "," 2,684.56 "," 1,789.71 "," 7,158.83 "," 15,212.52 "," 341,027.00 "," 3,390.00 "
2023,Kogi,Sorghum," 98,916.11 "," 3,956.64 "," 2,967.48 "," 1,978.32 "," 7,913.29 "," 16,815.73 "," 307,698.00 "," 3,390.00 "
2023,Kwara,Sorghum," 81,881.97 "," 3,275.28 "," 2,456.46 "," 1,637.64 "," 6,550.56 "," 13,919.94 "," 348,980.00 "," 3,390.00 "
2023,Lagos,Sorghum, 229.69 , 9.19 , 6.89 , 4.59 , 18.38 , 39.05 ," 310,683.00 "," 3,390.00 "
2023,Nasarawa,Sorghum," 19,853.33 ", 794.13 , 595.60 , 397.07 ," 1,588.27 "," 3,375.07 "," 348,231.00 "," 3,390.00 "
2023,Niger,Sorghum," 5,997.61 ", 239.90 , 179.93 , 119.95 , 479.81 ," 1,019.59 "," 294,564.00 "," 3,390.00 "
2023,Ogun,Sorghum," 115,785.77 "," 4,631.43 "," 3,473.57 "," 2,315.72 "," 9,262.86 "," 19,683.58 "," 323,415.00 "," 3,390.00 "
2023,Ondo,Sorghum," 57,830.84 "," 2,313.23 "," 1,734.93 "," 1,156.62 "," 4,626.47 "," 9,831.25 "," 300,407.00 "," 3,390.00 "
2023,Osun,Sorghum," 96,886.49 "," 3,875.46 "," 2,906.59 "," 1,937.73 "," 7,750.92 "," 16,470.70 "," 331,324.00 "," 3,390.00 "
2023,Oyo,Sorghum," 172,549.16 "," 6,901.97 "," 5,176.47 "," 3,450.98 "," 13,803.93 "," 29,333.35 "," 342,960.00 "," 3,390.00 "
2023,Plateau,Sorghum," 46,985.59 "," 1,879.42 "," 1,409.57 ", 939.71 ," 3,758.85 "," 7,987.55 "," 316,109.00 "," 3,390.00 "
2023,Rivers,Sorghum," 3,815.36 ", 152.61 , 114.46 , 76.31 , 305.23 , 648.61 ," 298,263.00 "," 3,390.00 "
2023,Sokoto,Sorghum," 702,670.95 "," 28,106.84 "," 21,080.13 "," 14,053.42 "," 56,213.68 "," 119,454.07 "," 299,472.00 "," 3,390.00 "
2023,Taraba,Sorghum," 42,894.02 "," 1,715.76 "," 1,286.82 ", 857.88 ," 3,431.52 "," 7,291.98 "," 302,694.00 "," 3,390.00 "
2023,Yobe,Sorghum," 13,615.81 ", 544.63 , 408.47 , 272.32 ," 1,089.26 "," 2,314.68 "," 298,578.00 "," 3,390.00 "
2023,Zamfara,Sorghum," 574,883.01 "," 22,995.32 "," 17,246.49 "," 11,497.66 "," 45,990.64 "," 97,730.11 "," 333,999.00 "," 3,390.00 "
2024,Abia,Rice," 92,010.36 "," 3,680.41 "," 2,760.31 "," 1,840.21 "," 5,520.62 "," 13,801.55 "," 902,688.00 "," 3,650.00 "
2024,Adamawa,Rice," 220,520.63 "," 8,820.83 "," 6,615.62 "," 4,410.41 "," 13,231.24 "," 33,078.10 "," 825,039.00 "," 3,650.00 "
2024,Akwa Ibom,Rice," 167,288.28 "," 6,691.53 "," 5,018.65 "," 3,345.77 "," 10,037.30 "," 25,093.25 "," 839,834.00 "," 3,650.00 "
2024,Anambra,Rice," 149,345.20 "," 5,973.81 "," 4,480.36 "," 2,986.90 "," 8,960.71 "," 22,401.78 "," 853,476.00 "," 3,650.00 "
2024,Bauchi,Rice," 36,911.51 "," 1,476.46 "," 1,107.35 ", 738.23 ," 2,214.69 "," 5,536.73 "," 828,962.00 "," 3,650.00 "
2024,Bayelsa,Rice," 36,411.78 "," 1,456.47 "," 1,092.35 ", 728.24 ," 2,184.71 "," 5,461.77 "," 903,460.00 "," 3,650.00 "
2024,Benue,Rice," 742,104.00 "," 29,684.16 "," 22,263.12 "," 14,842.08 "," 44,526.24 "," 111,315.60 "," 854,163.00 "," 3,650.00 "
2024,Borno,Rice," 198,756.75 "," 7,950.27 "," 5,962.70 "," 3,975.14 "," 11,925.40 "," 29,813.51 "," 880,385.00 "," 3,650.00 "
2024,Cross River,Rice," 140,481.39 "," 5,619.26 "," 4,214.44 "," 2,809.63 "," 8,428.88 "," 21,072.21 "," 849,519.00 "," 3,650.00 "
2024,Delta,Rice," 177,813.44 "," 7,112.54 "," 5,334.40 "," 3,556.27 "," 10,668.81 "," 26,672.02 "," 920,934.00 "," 3,650.00 "
2024,Ebonyi,Rice," 729,314.76 "," 29,172.59 "," 21,879.44 "," 14,586.30 "," 43,758.89 "," 109,397.22 "," 884,839.00 "," 3,650.00 "
2024,Edo,Rice," 231,203.95 "," 9,248.16 "," 6,936.12 "," 4,624.08 "," 13,872.24 "," 34,680.60 "," 907,362.00 "," 3,650.00 "
2024,Ekiti,Rice," 203,780.80 "," 8,151.23 "," 6,113.42 "," 4,075.62 "," 12,226.85 "," 30,567.12 "," 936,386.00 "," 3,650.00 "
2024,Enugu,Rice," 49,305.27 "," 1,972.21 "," 1,479.16 ", 986.11 ," 2,958.32 "," 7,395.80 "," 900,020.00 "," 3,650.00 "
2024,FCT,Rice," 43,268.69 "," 1,730.75 "," 1,298.06 ", 865.37 ," 2,596.12 "," 6,490.30 "," 966,694.00 "," 3,650.00 "
2024,Gombe,Rice," 44,610.91 "," 1,784.44 "," 1,338.33 ", 892.22 ," 2,676.65 "," 6,691.64 "," 905,850.00 "," 3,650.00 "
2024,Imo,Rice," 70,234.01 "," 2,809.36 "," 2,107.02 "," 1,404.68 "," 4,214.04 "," 10,535.10 "," 919,014.00 "," 3,650.00 "
2024,Jigawa,Rice," 813,839.47 "," 32,553.58 "," 24,415.18 "," 16,276.79 "," 48,830.37 "," 122,075.92 "," 870,697.00 "," 3,650.00 "
2024,Kaduna,Rice," 99,998.69 "," 3,999.95 "," 2,999.96 "," 1,999.97 "," 5,999.92 "," 14,999.80 "," 934,573.00 "," 3,650.00 "
2024,Kano,Rice," 766,956.09 "," 30,678.24 "," 23,008.68 "," 15,339.12 "," 46,017.37 "," 115,043.41 "," 880,534.00 "," 3,650.00 "
2024,Katsina,Rice," 152,707.55 "," 6,108.30 "," 4,581.23 "," 3,054.15 "," 9,162.45 "," 22,906.13 "," 846,776.00 "," 3,650.00 "
2024,Kebbi,Rice," 754,326.37 "," 30,173.05 "," 22,629.79 "," 15,086.53 "," 45,259.58 "," 113,148.95 "," 885,468.00 "," 3,650.00 "
2024,Kogi,Rice," 66,759.04 "," 2,670.36 "," 2,002.77 "," 1,335.18 "," 4,005.54 "," 10,013.85 "," 952,696.00 "," 3,650.00 "
2024,Kwara,Rice," 84,166.58 "," 3,366.66 "," 2,525.00 "," 1,683.33 "," 5,049.99 "," 12,624.98 "," 895,365.00 "," 3,650.00 "
2024,Lagos,Rice," 110,158.89 "," 4,406.36 "," 3,304.77 "," 2,203.18 "," 6,609.53 "," 16,523.84 "," 923,116.00 "," 3,650.00 "
2024,Nasarawa,Rice," 192,062.98 "," 7,682.52 "," 5,761.89 "," 3,841.26 "," 11,523.78 "," 28,809.45 "," 855,589.00 "," 3,650.00 "
2024,Niger,Rice," 730,543.47 "," 29,221.74 "," 21,916.30 "," 14,610.87 "," 43,832.61 "," 109,581.52 "," 940,219.00 "," 3,650.00 "
2024,Ogun,Rice," 123,898.99 "," 4,955.96 "," 3,716.97 "," 2,477.98 "," 7,433.94 "," 18,584.85 "," 960,501.00 "," 3,650.00 "
2024,Ondo,Rice," 146,799.53 "," 5,871.98 "," 4,403.99 "," 2,935.99 "," 8,807.97 "," 22,019.93 "," 961,798.00 "," 3,650.00 "
2024,Osun,Rice," 11,135.32 ", 445.41 , 334.06 , 222.71 , 668.12 ," 1,670.30 "," 870,053.00 "," 3,650.00 "
2024,Oyo,Rice," 150,113.69 "," 6,004.55 "," 4,503.41 "," 3,002.27 "," 9,006.82 "," 22,517.05 "," 891,232.00 "," 3,650.00 "
2024,Plateau,Rice," 39,643.90 "," 1,585.76 "," 1,189.32 ", 792.88 ," 2,378.63 "," 5,946.59 "," 963,895.00 "," 3,650.00 "
2024,Rivers,Rice," 16,215.23 ", 648.61 , 486.46 , 324.30 , 972.91 ," 2,432.28 "," 893,935.00 "," 3,650.00 "
2024,Sokoto,Rice," 218,144.95 "," 8,725.80 "," 6,544.35 "," 4,362.90 "," 13,088.70 "," 32,721.75 "," 879,808.00 "," 3,650.00 "
2024,Taraba,Rice," 980,978.73 "," 39,239.15 "," 29,429.36 "," 19,619.57 "," 58,858.72 "," 147,146.80 "," 972,319.00 "," 3,650.00 "
2024,Yobe,Rice," 188,327.13 "," 7,533.09 "," 5,649.81 "," 3,766.54 "," 11,299.63 "," 28,249.07 "," 822,055.00 "," 3,650.00 "
2024,Zamfara,Rice," 75,892.14 "," 3,035.69 "," 2,276.76 "," 1,517.84 "," 4,553.53 "," 11,383.82 "," 880,092.00 "," 3,650.00 "
2024,Abia,Maize," 28,439.97 "," 1,422.00 "," 1,137.60 ", 853.20 ," 2,844.00 "," 6,256.80 "," 601,487.00 "," 3,650.00 "
2024,Adamawa,Maize," 189,805.47 "," 9,490.27 "," 7,592.22 "," 5,694.16 "," 18,980.55 "," 41,757.20 "," 566,314.00 "," 3,650.00 "
2024,Akwa Ibom,Maize," 122,194.05 "," 6,109.70 "," 4,887.76 "," 3,665.82 "," 12,219.40 "," 26,882.68 "," 536,301.00 "," 3,650.00 "
2024,Anambra,Maize," 36,462.18 "," 1,823.11 "," 1,458.49 "," 1,093.87 "," 3,646.22 "," 8,021.69 "," 542,681.00 "," 3,650.00 "
2024,Bauchi,Maize," 1,063,874.94 "," 53,193.75 "," 42,555.00 "," 31,916.25 "," 106,387.49 "," 234,052.49 "," 556,496.00 "," 3,650.00 "
2024,Bayelsa,Maize," 9,793.21 ", 489.66 , 391.73 , 293.80 , 979.32 ," 2,154.51 "," 519,212.00 "," 3,650.00 "
2024,Benue,Maize," 259,731.60 "," 12,986.58 "," 10,389.26 "," 7,791.95 "," 25,973.16 "," 57,140.95 "," 535,978.00 "," 3,650.00 "
2024,Borno,Maize," 71,801.40 "," 3,590.07 "," 2,872.06 "," 2,154.04 "," 7,180.14 "," 15,796.31 "," 535,653.00 "," 3,650.00 "
2024,Cross River,Maize," 191,422.63 "," 9,571.13 "," 7,656.91 "," 5,742.68 "," 19,142.26 "," 42,112.98 "," 574,501.00 "," 3,650.00 "
2024,Delta,Maize," 91,802.56 "," 4,590.13 "," 3,672.10 "," 2,754.08 "," 9,180.26 "," 20,196.57 "," 572,964.00 "," 3,650.00 "
2024,Ebonyi,Maize," 143,388.60 "," 7,169.43 "," 5,735.54 "," 4,301.66 "," 14,338.86 "," 31,545.49 "," 518,943.00 "," 3,650.00 "
2024,Edo,Maize," 161,091.12 "," 8,054.56 "," 6,443.64 "," 4,832.73 "," 16,109.11 "," 35,440.04 "," 548,238.00 "," 3,650.00 "
2024,Ekiti,Maize," 50,950.10 "," 2,547.50 "," 2,038.00 "," 1,528.50 "," 5,095.01 "," 11,209.01 "," 583,494.00 "," 3,650.00 "
2024,Enugu,Maize," 288,817.59 "," 14,440.88 "," 11,552.70 "," 8,664.53 "," 28,881.76 "," 63,539.87 "," 555,326.00 "," 3,650.00 "
2024,FCT,Maize," 215,018.69 "," 10,750.93 "," 8,600.75 "," 6,450.56 "," 21,501.87 "," 47,304.11 "," 579,316.00 "," 3,650.00 "
2024,Gombe,Maize," 1,151,887.77 "," 57,594.39 "," 46,075.51 "," 34,556.63 "," 115,188.78 "," 253,415.31 "," 581,015.00 "," 3,650.00 "
2024,Imo,Maize," 266,002.55 "," 13,300.13 "," 10,640.10 "," 7,980.08 "," 26,600.26 "," 58,520.57 "," 583,330.00 "," 3,650.00 "
2024,Jigawa,Maize," 173,683.51 "," 8,684.18 "," 6,947.34 "," 5,210.51 "," 17,368.35 "," 38,210.38 "," 510,435.00 "," 3,650.00 "
2024,Kaduna,Maize," 1,156,678.64 "," 57,833.93 "," 46,267.15 "," 34,700.36 "," 115,667.86 "," 254,469.30 "," 563,252.00 "," 3,650.00 "
2024,Kano,Maize," 917,256.37 "," 45,862.82 "," 36,690.25 "," 27,517.69 "," 91,725.64 "," 201,796.40 "," 513,686.00 "," 3,650.00 "
2024,Katsina,Maize," 898,462.22 "," 44,923.11 "," 35,938.49 "," 26,953.87 "," 89,846.22 "," 197,661.69 "," 592,945.00 "," 3,650.00 "
2024,Kebbi,Maize," 13,442.26 ", 672.11 , 537.69 , 403.27 ," 1,344.23 "," 2,957.30 "," 594,905.00 "," 3,650.00 "
2024,Kogi,Maize," 96,775.67 "," 4,838.78 "," 3,871.03 "," 2,903.27 "," 9,677.57 "," 21,290.65 "," 560,687.00 "," 3,650.00 "
2024,Kwara,Maize," 114,440.75 "," 5,722.04 "," 4,577.63 "," 3,433.22 "," 11,444.08 "," 25,176.97 "," 592,804.00 "," 3,650.00 "
2024,Lagos,Maize," 79,302.35 "," 3,965.12 "," 3,172.09 "," 2,379.07 "," 7,930.24 "," 17,446.52 "," 564,563.00 "," 3,650.00 "
2024,Nasarawa,Maize," 232,051.49 "," 11,602.57 "," 9,282.06 "," 6,961.54 "," 23,205.15 "," 51,051.32 "," 547,131.00 "," 3,650.00 "
2024,Niger,Maize," 105,685.27 "," 5,284.26 "," 4,227.41 "," 3,170.56 "," 10,568.53 "," 23,250.76 "," 524,803.00 "," 3,650.00 "
2024,Ogun,Maize," 79,036.27 "," 3,951.81 "," 3,161.45 "," 2,371.09 "," 7,903.63 "," 17,387.98 "," 529,520.00 "," 3,650.00 "
2024,Ondo,Maize," 153,296.14 "," 7,664.81 "," 6,131.85 "," 4,598.88 "," 15,329.61 "," 33,725.15 "," 518,640.00 "," 3,650.00 "
2024,Osun,Maize," 40,556.30 "," 2,027.82 "," 1,622.25 "," 1,216.69 "," 4,055.63 "," 8,922.39 "," 594,862.00 "," 3,650.00 "
2024,Oyo,Maize," 1,103,290.24 "," 55,164.51 "," 44,131.61 "," 33,098.71 "," 110,329.02 "," 242,723.85 "," 515,671.00 "," 3,650.00 "
2024,Plateau,Maize," 853,804.68 "," 42,690.23 "," 34,152.19 "," 25,614.14 "," 85,380.47 "," 187,837.03 "," 571,577.00 "," 3,650.00 "
2024,Rivers,Maize," 282,810.82 "," 14,140.54 "," 11,312.43 "," 8,484.32 "," 28,281.08 "," 62,218.37 "," 585,401.00 "," 3,650.00 "
2024,Sokoto,Maize," 227,497.40 "," 11,374.87 "," 9,099.90 "," 6,824.92 "," 22,749.74 "," 50,049.43 "," 582,586.00 "," 3,650.00 "
2024,Taraba,Maize," 56,306.93 "," 2,815.35 "," 2,252.28 "," 1,689.21 "," 5,630.69 "," 12,387.53 "," 571,159.00 "," 3,650.00 "
2024,Yobe,Maize," 1,563.45 ", 78.17 , 62.54 , 46.90 , 156.35 , 343.96 ," 598,297.00 "," 3,650.00 "
2024,Zamfara,Maize," 239,681.62 "," 11,984.08 "," 9,587.26 "," 7,190.45 "," 23,968.16 "," 52,729.95 "," 530,696.00 "," 3,650.00 "
2024,Abia,Sorghum," 122,660.48 "," 4,906.42 "," 3,679.81 "," 2,453.21 "," 9,812.84 "," 20,852.28 "," 450,328.00 "," 3,390.00 "
2024,Adamawa,Sorghum," 132,009.06 "," 5,280.36 "," 3,960.27 "," 2,640.18 "," 10,560.72 "," 22,441.53 "," 452,996.00 "," 3,390.00 "
2024,Akwa Ibom,Sorghum," 6,915.06 ", 276.60 , 207.45 , 138.30 , 553.20 ," 1,175.55 "," 457,404.00 "," 3,390.00 "
2024,Anambra,Sorghum," 13,365.08 ", 534.60 , 400.95 , 267.30 ," 1,069.21 "," 2,272.06 "," 510,234.00 "," 3,390.00 "
2024,Bauchi,Sorghum," 613,127.25 "," 24,525.09 "," 18,393.82 "," 12,262.54 "," 49,050.18 "," 104,231.63 "," 505,041.00 "," 3,390.00 "
2024,Bayelsa,Sorghum, 996.92 , 39.88 , 29.91 , 19.94 , 79.75 , 169.48 ," 440,484.00 "," 3,390.00 "
2024,Benue,Sorghum," 699,828.72 "," 27,993.15 "," 20,994.86 "," 13,996.57 "," 55,986.30 "," 118,970.88 "," 467,361.00 "," 3,390.00 "
2024,Borno,Sorghum," 639,228.21 "," 25,569.13 "," 19,176.85 "," 12,784.56 "," 51,138.26 "," 108,668.80 "," 434,990.00 "," 3,390.00 "
2024,Cross River,Sorghum," 57,362.12 "," 2,294.48 "," 1,720.86 "," 1,147.24 "," 4,588.97 "," 9,751.55 "," 435,232.00 "," 3,390.00 "
2024,Delta,Sorghum, 585.88 , 23.44 , 17.58 , 11.72 , 46.87 , 99.61 ," 455,366.00 "," 3,390.00 "
2024,Ebonyi,Sorghum," 55,554.43 "," 2,222.18 "," 1,666.63 "," 1,111.09 "," 4,444.35 "," 9,444.25 "," 435,742.00 "," 3,390.00 "
2024,Edo,Sorghum," 58,723.86 "," 2,348.95 "," 1,761.72 "," 1,174.48 "," 4,697.91 "," 9,983.06 "," 463,010.00 "," 3,390.00 "
2024,Ekiti,Sorghum," 134,751.92 "," 5,390.08 "," 4,042.56 "," 2,695.04 "," 10,780.15 "," 22,907.83 "," 517,259.00 "," 3,390.00 "
2024,Enugu,Sorghum," 111,266.59 "," 4,450.66 "," 3,338.00 "," 2,225.33 "," 8,901.33 "," 18,915.32 "," 518,492.00 "," 3,390.00 "
2024,FCT,Sorghum," 165,408.62 "," 6,616.34 "," 4,962.26 "," 3,308.17 "," 13,232.69 "," 28,119.46 "," 511,239.00 "," 3,390.00 "
2024,Gombe,Sorghum," 86,769.05 "," 3,470.76 "," 2,603.07 "," 1,735.38 "," 6,941.52 "," 14,750.73 "," 455,904.00 "," 3,390.00 "
2024,Imo,Sorghum," 21,405.67 ", 856.23 , 642.17 , 428.11 ," 1,712.45 "," 3,638.96 "," 438,456.00 "," 3,390.00 "
2024,Jigawa,Sorghum," 121,556.98 "," 4,862.28 "," 3,646.71 "," 2,431.14 "," 9,724.56 "," 20,664.69 "," 527,893.00 "," 3,390.00 "
2024,Kaduna,Sorghum," 656,422.62 "," 26,256.90 "," 19,692.68 "," 13,128.45 "," 52,513.81 "," 111,591.84 "," 503,825.00 "," 3,390.00 "
2024,Kano,Sorghum," 651,964.51 "," 26,078.58 "," 19,558.94 "," 13,039.29 "," 52,157.16 "," 110,833.97 "," 514,370.00 "," 3,390.00 "
2024,Katsina,Sorghum," 143,756.37 "," 5,750.25 "," 4,312.69 "," 2,875.13 "," 11,500.51 "," 24,438.58 "," 455,183.00 "," 3,390.00 "
2024,Kebbi,Sorghum," 83,678.05 "," 3,347.12 "," 2,510.34 "," 1,673.56 "," 6,694.24 "," 14,225.26 "," 471,474.00 "," 3,390.00 "
2024,Kogi,Sorghum," 89,414.86 "," 3,576.59 "," 2,682.45 "," 1,788.30 "," 7,153.19 "," 15,200.53 "," 434,152.00 "," 3,390.00 "
2024,Kwara,Sorghum," 74,881.32 "," 2,995.25 "," 2,246.44 "," 1,497.63 "," 5,990.51 "," 12,729.83 "," 507,238.00 "," 3,390.00 "
2024,Lagos,Sorghum, 227.25 , 9.09 , 6.82 , 4.54 , 18.18 , 38.63 ," 462,026.00 "," 3,390.00 "
2024,Nasarawa,Sorghum," 19,459.82 ", 778.39 , 583.79 , 389.20 ," 1,556.79 "," 3,308.17 "," 454,273.00 "," 3,390.00 "
2024,Niger,Sorghum," 5,311.46 ", 212.46 , 159.34 , 106.23 , 424.92 , 902.95 ," 505,377.00 "," 3,390.00 "
2024,Ogun,Sorghum," 114,440.15 "," 4,577.61 "," 3,433.20 "," 2,288.80 "," 9,155.21 "," 19,454.82 "," 505,181.00 "," 3,390.00 "
2024,Ondo,Sorghum," 53,262.53 "," 2,130.50 "," 1,597.88 "," 1,065.25 "," 4,261.00 "," 9,054.63 "," 512,363.00 "," 3,390.00 "
2024,Osun,Sorghum," 91,413.75 "," 3,656.55 "," 2,742.41 "," 1,828.28 "," 7,313.10 "," 15,540.34 "," 486,085.00 "," 3,390.00 "
2024,Oyo,Sorghum," 163,213.82 "," 6,528.55 "," 4,896.41 "," 3,264.28 "," 13,057.11 "," 27,746.35 "," 514,985.00 "," 3,390.00 "
2024,Plateau,Sorghum," 44,665.07 "," 1,786.60 "," 1,339.95 ", 893.30 ," 3,573.21 "," 7,593.06 "," 487,771.00 "," 3,390.00 "
2024,Rivers,Sorghum," 3,823.52 ", 152.94 , 114.71 , 76.47 , 305.88 , 650.00 ," 504,646.00 "," 3,390.00 "
2024,Sokoto,Sorghum," 663,224.08 "," 26,528.96 "," 19,896.72 "," 13,264.48 "," 53,057.93 "," 112,748.09 "," 499,910.00 "," 3,390.00 "
2024,Taraba,Sorghum," 40,189.73 "," 1,607.59 "," 1,205.69 ", 803.79 ," 3,215.18 "," 6,832.25 "," 453,972.00 "," 3,390.00 "
2024,Yobe,Sorghum," 13,805.86 ", 552.23 , 414.18 , 276.12 ," 1,104.47 "," 2,347.00 "," 521,105.00 "," 3,390.00 "
2024,Zamfara,Sorghum," 609,412.81 "," 24,376.51 "," 18,282.38 "," 12,188.26 "," 48,753.02 "," 103,600.17 "," 464,822.00 "," 3,390.00 "
2025,Abia,Rice," 92,539.75 "," 3,701.59 "," 2,776.19 "," 1,850.80 "," 5,552.38 "," 13,880.96 "," 1,130,792.00 "," 3,650.00 "
2025,Adamawa,Rice," 245,860.19 "," 9,834.41 "," 7,375.81 "," 4,917.20 "," 14,751.61 "," 36,879.03 "," 1,315,468.00 "," 3,650.00 "
2025,Akwa Ibom,Rice," 183,055.23 "," 7,322.21 "," 5,491.66 "," 3,661.10 "," 10,983.31 "," 27,458.28 "," 1,273,059.00 "," 3,650.00 "
2025,Anambra,Rice," 150,678.54 "," 6,027.14 "," 4,520.36 "," 3,013.57 "," 9,040.71 "," 22,601.78 "," 1,222,357.00 "," 3,650.00 "
2025,Bauchi,Rice," 36,724.99 "," 1,469.00 "," 1,101.75 ", 734.50 ," 2,203.50 "," 5,508.75 "," 1,189,143.00 "," 3,650.00 "
2025,Bayelsa,Rice," 39,107.88 "," 1,564.32 "," 1,173.24 ", 782.16 ," 2,346.47 "," 5,866.19 "," 1,242,607.00 "," 3,650.00 "
2025,Benue,Rice," 743,932.47 "," 29,757.30 "," 22,317.97 "," 14,878.65 "," 44,635.95 "," 111,589.87 "," 1,306,006.00 "," 3,650.00 "
2025,Borno,Rice," 206,321.08 "," 8,252.84 "," 6,189.63 "," 4,126.42 "," 12,379.26 "," 30,948.15 "," 1,200,086.00 "," 3,650.00 "
2025,Cross River,Rice," 150,938.16 "," 6,037.53 "," 4,528.14 "," 3,018.76 "," 9,056.29 "," 22,640.72 "," 1,247,312.00 "," 3,650.00 "
2025,Delta,Rice," 177,057.86 "," 7,082.31 "," 5,311.74 "," 3,541.16 "," 10,623.47 "," 26,558.68 "," 1,146,069.00 "," 3,650.00 "
2025,Ebonyi,Rice," 718,666.10 "," 28,746.64 "," 21,559.98 "," 14,373.32 "," 43,119.97 "," 107,799.91 "," 1,232,625.00 "," 3,650.00 "
2025,Edo,Rice," 241,352.81 "," 9,654.11 "," 7,240.58 "," 4,827.06 "," 14,481.17 "," 36,202.92 "," 1,123,045.00 "," 3,650.00 "
2025,Ekiti,Rice," 209,316.22 "," 8,372.65 "," 6,279.49 "," 4,186.32 "," 12,558.97 "," 31,397.43 "," 1,189,241.00 "," 3,650.00 "
2025,Enugu,Rice," 53,196.73 "," 2,127.87 "," 1,595.90 "," 1,063.93 "," 3,191.80 "," 7,979.50 "," 1,280,968.00 "," 3,650.00 "
2025,FCT,Rice," 43,320.90 "," 1,732.84 "," 1,299.63 ", 866.42 ," 2,599.25 "," 6,498.14 "," 1,084,594.00 "," 3,650.00 "
2025,Gombe,Rice," 46,450.98 "," 1,858.04 "," 1,393.53 ", 929.02 ," 2,787.06 "," 6,967.65 "," 1,226,327.00 "," 3,650.00 "
2025,Imo,Rice," 76,459.94 "," 3,058.40 "," 2,293.80 "," 1,529.20 "," 4,587.60 "," 11,469.00 "," 1,281,157.00 "," 3,650.00 "
2025,Jigawa,Rice," 894,776.29 "," 35,791.05 "," 26,843.29 "," 17,895.53 "," 53,686.58 "," 134,216.45 "," 1,310,620.00 "," 3,650.00 "
2025,Kaduna,Rice," 106,810.99 "," 4,272.44 "," 3,204.33 "," 2,136.22 "," 6,408.66 "," 16,021.65 "," 1,197,238.00 "," 3,650.00 "
2025,Kano,Rice," 802,981.83 "," 32,119.27 "," 24,089.45 "," 16,059.64 "," 48,178.91 "," 120,447.27 "," 1,116,885.00 "," 3,650.00 "
2025,Katsina,Rice," 151,851.31 "," 6,074.05 "," 4,555.54 "," 3,037.03 "," 9,111.08 "," 22,777.70 "," 1,146,483.00 "," 3,650.00 "
2025,Kebbi,Rice," 806,141.86 "," 32,245.67 "," 24,184.26 "," 16,122.84 "," 48,368.51 "," 120,921.28 "," 1,219,965.00 "," 3,650.00 "
2025,Kogi,Rice," 72,650.89 "," 2,906.04 "," 2,179.53 "," 1,453.02 "," 4,359.05 "," 10,897.64 "," 1,165,181.00 "," 3,650.00 "
2025,Kwara,Rice," 86,225.10 "," 3,449.00 "," 2,586.75 "," 1,724.50 "," 5,173.51 "," 12,933.76 "," 1,087,618.00 "," 3,650.00 "
2025,Lagos,Rice," 111,511.27 "," 4,460.45 "," 3,345.34 "," 2,230.23 "," 6,690.68 "," 16,726.70 "," 1,100,295.00 "," 3,650.00 "
2025,Nasarawa,Rice," 195,529.51 "," 7,821.18 "," 5,865.89 "," 3,910.59 "," 11,731.77 "," 29,329.43 "," 1,291,433.00 "," 3,650.00 "
2025,Niger,Rice," 818,567.73 "," 32,742.71 "," 24,557.03 "," 16,371.35 "," 49,114.06 "," 122,785.15 "," 1,238,170.00 "," 3,650.00 "
2025,Ogun,Rice," 123,045.32 "," 4,921.81 "," 3,691.36 "," 2,460.91 "," 7,382.72 "," 18,456.80 "," 1,287,119.00 "," 3,650.00 "
2025,Ondo,Rice," 151,602.93 "," 6,064.12 "," 4,548.09 "," 3,032.06 "," 9,096.18 "," 22,740.45 "," 1,127,196.00 "," 3,650.00 "
2025,Osun,Rice," 11,716.83 ", 468.67 , 351.50 , 234.34 , 703.01 ," 1,757.52 "," 1,148,764.00 "," 3,650.00 "
2025,Oyo,Rice," 154,225.61 "," 6,169.02 "," 4,626.77 "," 3,084.51 "," 9,253.54 "," 23,133.84 "," 1,319,337.00 "," 3,650.00 "
2025,Plateau,Rice," 40,041.43 "," 1,601.66 "," 1,201.24 ", 800.83 ," 2,402.49 "," 6,006.22 "," 1,295,367.00 "," 3,650.00 "
2025,Rivers,Rice," 16,224.86 ", 648.99 , 486.75 , 324.50 , 973.49 ," 2,433.73 "," 1,313,611.00 "," 3,650.00 "
2025,Sokoto,Rice," 232,981.36 "," 9,319.25 "," 6,989.44 "," 4,659.63 "," 13,978.88 "," 34,947.20 "," 1,283,373.00 "," 3,650.00 "
2025,Taraba,Rice," 934,348.04 "," 37,373.92 "," 28,030.44 "," 18,686.96 "," 56,060.88 "," 140,152.20 "," 1,160,466.00 "," 3,650.00 "
2025,Yobe,Rice," 190,559.69 "," 7,622.39 "," 5,716.79 "," 3,811.19 "," 11,433.58 "," 28,583.95 "," 1,314,082.00 "," 3,650.00 "
2025,Zamfara,Rice," 77,433.96 "," 3,097.36 "," 2,323.02 "," 1,548.68 "," 4,646.04 "," 11,615.10 "," 1,284,611.00 "," 3,650.00 "
2025,Abia,Maize," 30,303.79 "," 1,515.19 "," 1,212.15 ", 909.11 ," 3,030.38 "," 6,666.83 "," 687,765.00 "," 3,650.00 "
2025,Adamawa,Maize," 201,056.20 "," 10,052.81 "," 8,042.25 "," 6,031.69 "," 20,105.62 "," 44,232.37 "," 685,655.00 "," 3,650.00 "
2025,Akwa Ibom,Maize," 127,048.16 "," 6,352.41 "," 5,081.93 "," 3,811.44 "," 12,704.82 "," 27,950.60 "," 709,404.00 "," 3,650.00 "
2025,Anambra,Maize," 36,162.85 "," 1,808.14 "," 1,446.51 "," 1,084.89 "," 3,616.28 "," 7,955.82 "," 715,284.00 "," 3,650.00 "
2025,Bauchi,Maize," 997,459.22 "," 49,872.96 "," 39,898.37 "," 29,923.78 "," 99,745.92 "," 219,441.03 "," 700,123.00 "," 3,650.00 "
2025,Bayelsa,Maize," 9,861.18 ", 493.06 , 394.45 , 295.84 , 986.12 ," 2,169.47 "," 820,961.00 "," 3,650.00 "
2025,Benue,Maize," 277,296.80 "," 13,864.84 "," 11,091.87 "," 8,318.90 "," 27,729.68 "," 61,005.29 "," 820,164.00 "," 3,650.00 "
2025,Borno,Maize," 76,456.82 "," 3,822.84 "," 3,058.27 "," 2,293.70 "," 7,645.68 "," 16,820.49 "," 716,755.00 "," 3,650.00 "
2025,Cross River,Maize," 202,803.87 "," 10,140.19 "," 8,112.15 "," 6,084.12 "," 20,280.39 "," 44,616.85 "," 723,938.00 "," 3,650.00 "
2025,Delta,Maize," 90,794.91 "," 4,539.75 "," 3,631.80 "," 2,723.85 "," 9,079.49 "," 19,974.89 "," 709,875.00 "," 3,650.00 "
2025,Ebonyi,Maize," 148,861.53 "," 7,443.08 "," 5,954.46 "," 4,465.85 "," 14,886.15 "," 32,749.54 "," 713,469.00 "," 3,650.00 "
2025,Edo,Maize," 160,154.25 "," 8,007.71 "," 6,406.17 "," 4,804.63 "," 16,015.42 "," 35,233.93 "," 776,099.00 "," 3,650.00 "
2025,Ekiti,Maize," 52,542.99 "," 2,627.15 "," 2,101.72 "," 1,576.29 "," 5,254.30 "," 11,559.46 "," 706,576.00 "," 3,650.00 "
2025,Enugu,Maize," 297,107.60 "," 14,855.38 "," 11,884.30 "," 8,913.23 "," 29,710.76 "," 65,363.67 "," 697,038.00 "," 3,650.00 "
2025,FCT,Maize," 226,776.72 "," 11,338.84 "," 9,071.07 "," 6,803.30 "," 22,677.67 "," 49,890.88 "," 804,698.00 "," 3,650.00 "
2025,Gombe,Maize," 1,130,577.69 "," 56,528.88 "," 45,223.11 "," 33,917.33 "," 113,057.77 "," 248,727.09 "," 687,410.00 "," 3,650.00 "
2025,Imo,Maize," 265,569.21 "," 13,278.46 "," 10,622.77 "," 7,967.08 "," 26,556.92 "," 58,425.23 "," 720,362.00 "," 3,650.00 "
2025,Jigawa,Maize," 178,848.02 "," 8,942.40 "," 7,153.92 "," 5,365.44 "," 17,884.80 "," 39,346.56 "," 795,570.00 "," 3,650.00 "
2025,Kaduna,Maize," 1,123,447.34 "," 56,172.37 "," 44,937.89 "," 33,703.42 "," 112,344.73 "," 247,158.41 "," 762,104.00 "," 3,650.00 "
2025,Kano,Maize," 918,536.11 "," 45,926.81 "," 36,741.44 "," 27,556.08 "," 91,853.61 "," 202,077.94 "," 696,611.00 "," 3,650.00 "
2025,Katsina,Maize," 961,760.68 "," 48,088.03 "," 38,470.43 "," 28,852.82 "," 96,176.07 "," 211,587.35 "," 716,046.00 "," 3,650.00 "
2025,Kebbi,Maize," 13,427.11 ", 671.36 , 537.08 , 402.81 ," 1,342.71 "," 2,953.96 "," 687,340.00 "," 3,650.00 "
2025,Kogi,Maize," 96,311.08 "," 4,815.55 "," 3,852.44 "," 2,889.33 "," 9,631.11 "," 21,188.43 "," 720,969.00 "," 3,650.00 "
2025,Kwara,Maize," 119,255.82 "," 5,962.79 "," 4,770.23 "," 3,577.67 "," 11,925.58 "," 26,236.27 "," 683,546.00 "," 3,650.00 "
2025,Lagos,Maize," 79,999.91 "," 4,000.00 "," 3,200.00 "," 2,400.00 "," 7,999.99 "," 17,599.99 "," 743,764.00 "," 3,650.00 "
2025,Nasarawa,Maize," 251,878.49 "," 12,593.92 "," 10,075.14 "," 7,556.35 "," 25,187.85 "," 55,413.26 "," 761,143.00 "," 3,650.00 "
2025,Niger,Maize," 107,815.31 "," 5,390.77 "," 4,312.61 "," 3,234.46 "," 10,781.53 "," 23,719.37 "," 791,557.00 "," 3,650.00 "
2025,Ogun,Maize," 86,530.20 "," 4,326.51 "," 3,461.21 "," 2,595.91 "," 8,653.02 "," 19,036.65 "," 722,081.00 "," 3,650.00 "
2025,Ondo,Maize," 161,925.54 "," 8,096.28 "," 6,477.02 "," 4,857.77 "," 16,192.55 "," 35,623.62 "," 801,016.00 "," 3,650.00 "
2025,Osun,Maize," 43,938.87 "," 2,196.94 "," 1,757.55 "," 1,318.17 "," 4,393.89 "," 9,666.55 "," 808,427.00 "," 3,650.00 "
2025,Oyo,Maize," 1,115,647.07 "," 55,782.35 "," 44,625.88 "," 33,469.41 "," 111,564.71 "," 245,442.35 "," 704,274.00 "," 3,650.00 "
2025,Plateau,Maize," 912,916.88 "," 45,645.84 "," 36,516.68 "," 27,387.51 "," 91,291.69 "," 200,841.72 "," 786,246.00 "," 3,650.00 "
2025,Rivers,Maize," 293,126.49 "," 14,656.32 "," 11,725.06 "," 8,793.79 "," 29,312.65 "," 64,487.82 "," 747,477.00 "," 3,650.00 "
2025,Sokoto,Maize," 237,307.62 "," 11,865.38 "," 9,492.30 "," 7,119.23 "," 23,730.76 "," 52,207.67 "," 729,210.00 "," 3,650.00 "
2025,Taraba,Maize," 61,191.88 "," 3,059.59 "," 2,447.68 "," 1,835.76 "," 6,119.19 "," 13,462.22 "," 736,020.00 "," 3,650.00 "
2025,Yobe,Maize," 1,613.21 ", 80.66 , 64.53 , 48.40 , 161.32 , 354.91 ," 743,098.00 "," 3,650.00 "
2025,Zamfara,Maize," 248,751.01 "," 12,437.55 "," 9,950.04 "," 7,462.53 "," 24,875.10 "," 54,725.22 "," 693,900.00 "," 3,650.00 "
2025,Abia,Sorghum," 121,742.77 "," 4,869.71 "," 3,652.28 "," 2,434.86 "," 9,739.42 "," 20,696.27 "," 708,687.00 "," 3,390.00 "
2025,Adamawa,Sorghum," 125,286.67 "," 5,011.47 "," 3,758.60 "," 2,505.73 "," 10,022.93 "," 21,298.73 "," 658,804.00 "," 3,390.00 "
2025,Akwa Ibom,Sorghum," 6,904.11 ", 276.16 , 207.12 , 138.08 , 552.33 ," 1,173.69 "," 648,651.00 "," 3,390.00 "
2025,Anambra,Sorghum," 13,342.43 ", 533.70 , 400.27 , 266.85 ," 1,067.39 "," 2,268.21 "," 614,877.00 "," 3,390.00 "
2025,Bauchi,Sorghum," 599,683.40 "," 23,987.34 "," 17,990.50 "," 11,993.67 "," 47,974.67 "," 101,946.18 "," 633,382.00 "," 3,390.00 "
2025,Bayelsa,Sorghum," 1,045.69 ", 41.83 , 31.37 , 20.91 , 83.66 , 177.77 ," 603,359.00 "," 3,390.00 "
2025,Benue,Sorghum," 691,040.75 "," 27,641.63 "," 20,731.22 "," 13,820.82 "," 55,283.26 "," 117,476.93 "," 609,085.00 "," 3,390.00 "
2025,Borno,Sorghum," 629,336.15 "," 25,173.45 "," 18,880.08 "," 12,586.72 "," 50,346.89 "," 106,987.14 "," 613,432.00 "," 3,390.00 "
2025,Cross River,Sorghum," 56,911.08 "," 2,276.44 "," 1,707.33 "," 1,138.22 "," 4,552.89 "," 9,674.88 "," 692,342.00 "," 3,390.00 "
2025,Delta,Sorghum, 552.38 , 22.10 , 16.57 , 11.05 , 44.19 , 93.91 ," 705,526.00 "," 3,390.00 "
2025,Ebonyi,Sorghum," 57,833.48 "," 2,313.34 "," 1,735.00 "," 1,156.67 "," 4,626.68 "," 9,831.69 "," 659,263.00 "," 3,390.00 "
2025,Edo,Sorghum," 55,698.11 "," 2,227.92 "," 1,670.94 "," 1,113.96 "," 4,455.85 "," 9,468.67 "," 633,691.00 "," 3,390.00 "
2025,Ekiti,Sorghum," 133,453.54 "," 5,338.14 "," 4,003.61 "," 2,669.07 "," 10,676.28 "," 22,687.10 "," 632,760.00 "," 3,390.00 "
2025,Enugu,Sorghum," 108,568.26 "," 4,342.73 "," 3,257.05 "," 2,171.37 "," 8,685.46 "," 18,456.61 "," 657,382.00 "," 3,390.00 "
2025,FCT,Sorghum," 163,028.43 "," 6,521.14 "," 4,890.85 "," 3,260.57 "," 13,042.27 "," 27,714.83 "," 688,470.00 "," 3,390.00 "
2025,Gombe,Sorghum," 81,151.44 "," 3,246.06 "," 2,434.54 "," 1,623.03 "," 6,492.12 "," 13,795.75 "," 672,459.00 "," 3,390.00 "
2025,Imo,Sorghum," 20,649.00 ", 825.96 , 619.47 , 412.98 ," 1,651.92 "," 3,510.33 "," 613,366.00 "," 3,390.00 "
2025,Jigawa,Sorghum," 131,427.99 "," 5,257.12 "," 3,942.84 "," 2,628.56 "," 10,514.24 "," 22,342.76 "," 617,456.00 "," 3,390.00 "
2025,Kaduna,Sorghum," 652,188.02 "," 26,087.52 "," 19,565.64 "," 13,043.76 "," 52,175.04 "," 110,871.96 "," 585,084.00 "," 3,390.00 "
2025,Kano,Sorghum," 656,013.19 "," 26,240.53 "," 19,680.40 "," 13,120.26 "," 52,481.06 "," 111,522.25 "," 688,037.00 "," 3,390.00 "
2025,Katsina,Sorghum," 138,685.42 "," 5,547.42 "," 4,160.56 "," 2,773.71 "," 11,094.83 "," 23,576.52 "," 682,534.00 "," 3,390.00 "
2025,Kebbi,Sorghum," 84,657.75 "," 3,386.31 "," 2,539.73 "," 1,693.16 "," 6,772.62 "," 14,391.82 "," 644,582.00 "," 3,390.00 "
2025,Kogi,Sorghum," 91,468.13 "," 3,658.73 "," 2,744.04 "," 1,829.36 "," 7,317.45 "," 15,549.58 "," 597,190.00 "," 3,390.00 "
2025,Kwara,Sorghum," 75,835.93 "," 3,033.44 "," 2,275.08 "," 1,516.72 "," 6,066.87 "," 12,892.11 "," 704,696.00 "," 3,390.00 "
2025,Lagos,Sorghum, 215.37 , 8.61 , 6.46 , 4.31 , 17.23 , 36.61 ," 622,889.00 "," 3,390.00 "
2025,Nasarawa,Sorghum," 18,603.57 ", 744.14 , 558.11 , 372.07 ," 1,488.29 "," 3,162.61 "," 615,959.00 "," 3,390.00 "
2025,Niger,Sorghum," 5,810.57 ", 232.42 , 174.32 , 116.21 , 464.85 , 987.80 ," 645,848.00 "," 3,390.00 "
2025,Ogun,Sorghum," 112,660.38 "," 4,506.42 "," 3,379.81 "," 2,253.21 "," 9,012.83 "," 19,152.27 "," 683,874.00 "," 3,390.00 "
2025,Ondo,Sorghum," 53,907.75 "," 2,156.31 "," 1,617.23 "," 1,078.16 "," 4,312.62 "," 9,164.32 "," 648,344.00 "," 3,390.00 "
2025,Osun,Sorghum," 89,701.55 "," 3,588.06 "," 2,691.05 "," 1,794.03 "," 7,176.12 "," 15,249.26 "," 662,598.00 "," 3,390.00 "
2025,Oyo,Sorghum," 169,258.10 "," 6,770.32 "," 5,077.74 "," 3,385.16 "," 13,540.65 "," 28,773.87 "," 685,028.00 "," 3,390.00 "
2025,Plateau,Sorghum," 43,827.86 "," 1,753.11 "," 1,314.84 ", 876.56 ," 3,506.23 "," 7,450.74 "," 692,581.00 "," 3,390.00 "
2025,Rivers,Sorghum," 3,524.66 ", 140.99 , 105.74 , 70.49 , 281.97 , 599.19 ," 588,960.00 "," 3,390.00 "
2025,Sokoto,Sorghum," 647,358.04 "," 25,894.32 "," 19,420.74 "," 12,947.16 "," 51,788.64 "," 110,050.86 "," 629,253.00 "," 3,390.00 "
2025,Taraba,Sorghum," 40,682.89 "," 1,627.32 "," 1,220.49 ", 813.66 ," 3,254.63 "," 6,916.10 "," 664,966.00 "," 3,390.00 "
2025,Yobe,Sorghum," 14,234.87 ", 569.39 , 427.05 , 284.70 ," 1,138.79 "," 2,419.93 "," 651,281.00 "," 3,390.00 "
2025,Zamfara,Sorghum," 584,411.16 "," 23,376.45 "," 17,532.33 "," 11,688.22 "," 46,752.89 "," 99,349.89 "," 591,531.00 "," 3,390.00 "
